,state,region,division,sex,race,pop_count,percentstate_pop
0,AK,West,Pacific,Female,American Indian or Alaska Native,75564,0.06850000543909841
920,AK,West,Pacific,Total,Total,1103124,1.0
919,AK,West,Pacific,Male,Total,578074,0.5240335628632864
17,AK,West,Pacific,Total,White,731440,0.6630623574502957
16,AK,West,Pacific,Total,Multiracial,57411,0.05204401318437456
15,AK,West,Pacific,Total,Hispanic or Latino,35351,0.03204626134505278
14,AK,West,Pacific,Total,Black or African American,39397,0.035714026709599285
13,AK,West,Pacific,Total,Asian American or Pacific Islander,88100,0.07986409506093603
12,AK,West,Pacific,Total,American Indian or Alaska Native,151425,0.13726924624974166
11,AK,West,Pacific,Male,White,390200,0.35372270025853847
918,AK,West,Pacific,Female,Total,525050,0.47596643713671355
9,AK,West,Pacific,Male,Hispanic or Latino,18983,0.01720840086880532
2,AK,West,Pacific,Female,Black or African American,16345,0.014817010598989778
10,AK,West,Pacific,Male,Multiracial,28735,0.026048748826061258
3,AK,West,Pacific,Female,Hispanic or Latino,16368,0.014837860476247458
4,AK,West,Pacific,Female,Multiracial,28676,0.0259952643583133
1,AK,West,Pacific,Female,Asian American or Pacific Islander,46857,0.04247663907230737
6,AK,West,Pacific,Male,American Indian or Alaska Native,75861,0.06876924081064323
5,AK,West,Pacific,Female,White,341240,0.3093396571917572
8,AK,West,Pacific,Male,Black or African American,23052,0.020897016110609505
7,AK,West,Pacific,Male,Asian American or Pacific Islander,41243,0.03738745598862866
21,AL,South,East South Central,Female,Hispanic or Latino,61837,0.008104713150797182
18,AL,South,East South Central,Female,American Indian or Alaska Native,25252,0.0033096724692971914
921,AL,South,East South Central,Female,Total,3999134,0.524149520862916
19,AL,South,East South Central,Female,Asian American or Pacific Islander,63884,0.008373004753230705
923,AL,South,East South Central,Total,Total,7629758,1.0
20,AL,South,East South Central,Female,Black or African American,1086798,0.14244200143700494
922,AL,South,East South Central,Male,Total,3630624,0.47585047913708406
35,AL,South,East South Central,Total,White,5259757,0.6893740273282586
33,AL,South,East South Central,Total,Hispanic or Latino,134040,0.01756805392779168
32,AL,South,East South Central,Total,Black or African American,1978361,0.25929538001074215
34,AL,South,East South Central,Total,Multiracial,88012,0.01153535931283797
30,AL,South,East South Central,Total,American Indian or Alaska Native,50283,0.006590379406529015
29,AL,South,East South Central,Male,White,2544435,0.33348829674545377
28,AL,South,East South Central,Male,Multiracial,41971,0.005500960843056883
27,AL,South,East South Central,Male,Hispanic or Latino,72203,0.009463340776994499
26,AL,South,East South Central,Male,Black or African American,891563,0.1168533785737372
25,AL,South,East South Central,Male,Asian American or Pacific Islander,55421,0.007263795260609838
24,AL,South,East South Central,Male,American Indian or Alaska Native,25031,0.003280706937231823
31,AL,South,East South Central,Total,Asian American or Pacific Islander,119305,0.015636800013840543
22,AL,South,East South Central,Female,Multiracial,46041,0.006034398469781086
23,AL,South,East South Central,Female,White,2715322,0.35588573058280487
52,AR,South,West South Central,Total,Multiracial,67434,0.014547931977620426
53,AR,South,West South Central,Total,White,3600682,0.7767962275564592
924,AR,South,West South Central,Female,Total,2389338,0.5154658880615658
925,AR,South,West South Central,Male,Total,2245960,0.48453411193843415
51,AR,South,West South Central,Total,Hispanic or Latino,147929,0.03191359002161242
926,AR,South,West South Central,Total,Total,4635298,1.0
50,AR,South,West South Central,Total,Black or African American,687745,0.14837125897838715
44,AR,South,West South Central,Male,Black or African American,318872,0.06879212512334698
48,AR,South,West South Central,Total,American Indian or Alaska Native,41132,0.008873647390092287
36,AR,South,West South Central,Female,American Indian or Alaska Native,20949,0.004519450529394227
37,AR,South,West South Central,Female,Asian American or Pacific Islander,46258,0.009979509408025115
38,AR,South,West South Central,Female,Black or African American,368873,0.07957913385504017
39,AR,South,West South Central,Female,Hispanic or Latino,69896,0.015079073664735255
40,AR,South,West South Central,Female,Multiracial,34816,0.007511059698858628
41,AR,South,West South Central,Female,White,1848546,0.39879766090551244
49,AR,South,West South Central,Total,Asian American or Pacific Islander,90376,0.019497344075828565
42,AR,South,West South Central,Male,American Indian or Alaska Native,20183,0.004354196860698061
43,AR,South,West South Central,Male,Asian American or Pacific Islander,44118,0.00951783466780345
45,AR,South,West South Central,Male,Hispanic or Latino,78033,0.016834516356877164
46,AR,South,West South Central,Male,Multiracial,32618,0.007036872278761797
47,AR,South,West South Central,Male,White,1752136,0.3779985666509467
928,AZ,West,Mountain,Male,Total,5561612,0.49318353648793
929,AZ,West,Mountain,Total,Total,11276962,1.0
70,AZ,West,Mountain,Total,Multiracial,208066,0.018450536589553108
71,AZ,West,Mountain,Total,White,8046775,0.7135587581123356
927,AZ,West,Mountain,Female,Total,5715350,0.50681646351207
69,AZ,West,Mountain,Total,Hispanic or Latino,1581178,0.1402131176818721
64,AZ,West,Mountain,Male,Multiracial,101355,0.008987792988927337
67,AZ,West,Mountain,Total,Asian American or Pacific Islander,445024,0.039463110720777454
54,AZ,West,Mountain,Female,American Indian or Alaska Native,245081,0.021732892245269603
55,AZ,West,Mountain,Female,Asian American or Pacific Islander,237678,0.021076421114126304
56,AZ,West,Mountain,Female,Black or African American,251705,0.022320284487967593
57,AZ,West,Mountain,Female,Hispanic or Latino,790952,0.07013874836148247
58,AZ,West,Mountain,Female,Multiracial,106711,0.009462743600625772
59,AZ,West,Mountain,Female,White,4083223,0.36208537370259825
60,AZ,West,Mountain,Male,American Indian or Alaska Native,228782,0.02028755616982659
61,AZ,West,Mountain,Male,Asian American or Pacific Islander,207346,0.018386689606651154
63,AZ,West,Mountain,Male,Hispanic or Latino,790226,0.07007436932038966
65,AZ,West,Mountain,Male,White,3963552,0.3514733844097373
68,AZ,West,Mountain,Total,Black or African American,522056,0.04629402848036555
62,AZ,West,Mountain,Male,Black or African American,270351,0.023973743992397954
66,AZ,West,Mountain,Total,American Indian or Alaska Native,473863,0.042020448415096195
83,CA,West,Pacific,Male,White,17037299,0.27822737602205166
72,CA,West,Pacific,Female,American Indian or Alaska Native,308591,0.005039441063634614
932,CA,West,Pacific,Total,Total,61235164,1.0
931,CA,West,Pacific,Male,Total,30198162,0.4931506674824942
930,CA,West,Pacific,Female,Total,31037002,0.5068493325175057
73,CA,West,Pacific,Female,Asian American or Pacific Islander,5392901,0.08806869530062825
74,CA,West,Pacific,Female,Black or African American,1905718,0.031121301479653096
82,CA,West,Pacific,Male,Multiracial,791147,0.012919815157186482
76,CA,West,Pacific,Female,Multiracial,832115,0.013588842515388708
75,CA,West,Pacific,Female,Hispanic or Latino,5471797,0.0893571053390173
78,CA,West,Pacific,Male,American Indian or Alaska Native,313486,0.005119378793531116
79,CA,West,Pacific,Male,Asian American or Pacific Islander,4718735,0.07705923674834936
80,CA,West,Pacific,Male,Black or African American,1861965,0.03040679371741374
89,CA,West,Pacific,Total,White,34163179,0.5579013228412355
81,CA,West,Pacific,Male,Hispanic or Latino,5475530,0.08941806704396187
87,CA,West,Pacific,Total,Hispanic or Latino,10947327,0.17877517238297916
86,CA,West,Pacific,Total,Black or African American,3767683,0.06152809519706683
85,CA,West,Pacific,Total,Asian American or Pacific Islander,10111636,0.1651279320489776
84,CA,West,Pacific,Total,American Indian or Alaska Native,622077,0.010158819857165729
77,CA,West,Pacific,Female,White,17125880,0.27967394681918384
88,CA,West,Pacific,Total,Multiracial,1623262,0.026508657672575188
933,CO,West,Mountain,Female,Total,4483006,0.4981984643105678
934,CO,West,Mountain,Male,Total,4515428,0.5018015356894322
935,CO,West,Mountain,Total,Total,8998434,1.0
104,CO,West,Mountain,Total,Black or African American,376900,0.041885065779223365
101,CO,West,Mountain,Male,White,3581832,0.3980505941367131
106,CO,West,Mountain,Total,Multiracial,184306,0.020482008313891062
105,CO,West,Mountain,Total,Hispanic or Latino,860759,0.09565653312565275
103,CO,West,Mountain,Total,Asian American or Pacific Islander,328148,0.03646723418763754
102,CO,West,Mountain,Total,American Indian or Alaska Native,97646,0.010851443706760533
100,CO,West,Mountain,Male,Multiracial,90759,0.010086088312699743
107,CO,West,Mountain,Total,White,7150675,0.7946577148868348
98,CO,West,Mountain,Male,Black or African American,205066,0.022789076410406523
99,CO,West,Mountain,Male,Hispanic or Latino,437919,0.04866613457408256
96,CO,West,Mountain,Male,American Indian or Alaska Native,49649,0.005517515603270524
95,CO,West,Mountain,Female,White,3568843,0.3966071207501216
94,CO,West,Mountain,Female,Multiracial,93547,0.010395920001191319
93,CO,West,Mountain,Female,Hispanic or Latino,422840,0.046990398551570195
92,CO,West,Mountain,Female,Black or African American,171834,0.019095989368816842
91,CO,West,Mountain,Female,Asian American or Pacific Islander,177945,0.019775107535377822
90,CO,West,Mountain,Female,American Indian or Alaska Native,47997,0.005333928103490007
97,CO,West,Mountain,Male,Asian American or Pacific Islander,150203,0.016692126652259717
936,CT,Northeast,New England,Female,Total,2939364,0.5178862708243256
937,CT,Northeast,New England,Male,Total,2736330,0.48211372917567435
938,CT,Northeast,New England,Total,Total,5675694,1.0
108,CT,Northeast,New England,Female,American Indian or Alaska Native,10203,0.0017976656246795546
109,CT,Northeast,New England,Female,Asian American or Pacific Islander,144195,0.02540570369015666
115,CT,Northeast,New England,Male,Asian American or Pacific Islander,132765,0.023391853049160156
118,CT,Northeast,New England,Male,Multiracial,40511,0.007137629336606237
114,CT,Northeast,New England,Male,American Indian or Alaska Native,10717,0.001888227237056825
113,CT,Northeast,New England,Female,White,2201069,0.38780614317826156
112,CT,Northeast,New England,Female,Multiracial,44000,0.007752355923346114
111,CT,Northeast,New England,Female,Hispanic or Latino,211925,0.03733904611488921
110,CT,Northeast,New England,Female,Black or African American,327972,0.05778535629299254
119,CT,Northeast,New England,Male,White,2059853,0.36292530922209687
120,CT,Northeast,New England,Total,American Indian or Alaska Native,20920,0.00368589286173638
117,CT,Northeast,New England,Male,Hispanic or Latino,204970,0.03611364530927848
121,CT,Northeast,New England,Total,Asian American or Pacific Islander,276960,0.048797556739316815
123,CT,Northeast,New England,Total,Hispanic or Latino,416895,0.07345269142416769
124,CT,Northeast,New England,Total,Multiracial,84511,0.014889985259952351
125,CT,Northeast,New England,Total,White,4260922,0.7507314524003584
122,CT,Northeast,New England,Total,Black or African American,615486,0.10844242131446832
116,CT,Northeast,New England,Male,Black or African American,287514,0.05065706502147579
130,DC,South,South Atlantic,Female,Multiracial,13905,0.012037272694219512
126,DC,South,South Atlantic,Female,American Indian or Alaska Native,2084,0.0018040759651027302
127,DC,South,South Atlantic,Female,Asian American or Pacific Islander,33265,0.02879682676542338
939,DC,South,South Atlantic,Female,Total,615590,0.532903610056425
940,DC,South,South Atlantic,Male,Total,539572,0.467096389943575
131,DC,South,South Atlantic,Female,White,258055,0.22339290939279513
941,DC,South,South Atlantic,Total,Total,1155162,1.0
143,DC,South,South Atlantic,Total,White,512895,0.4440026593672576
142,DC,South,South Atlantic,Total,Multiracial,24418,0.02113816070819504
141,DC,South,South Atlantic,Total,Hispanic or Latino,57622,0.04988218102742299
140,DC,South,South Atlantic,Total,Black or African American,499573,0.432470077789955
139,DC,South,South Atlantic,Total,Asian American or Pacific Islander,56329,0.04876285750396914
138,DC,South,South Atlantic,Total,American Indian or Alaska Native,4325,0.003744063603200244
137,DC,South,South Atlantic,Male,White,254840,0.22060974997446245
136,DC,South,South Atlantic,Male,Multiracial,10513,0.009100888013975529
135,DC,South,South Atlantic,Male,Hispanic or Latino,29272,0.025340168738237582
134,DC,South,South Atlantic,Male,Black or African American,219642,0.19013956484025618
133,DC,South,South Atlantic,Male,Asian American or Pacific Islander,23064,0.019966030738545762
132,DC,South,South Atlantic,Male,American Indian or Alaska Native,2241,0.0019399876380975136
129,DC,South,South Atlantic,Female,Hispanic or Latino,28350,0.024542012289185414
128,DC,South,South Atlantic,Female,Black or African American,279931,0.24233051294969882
161,DE,South,South Atlantic,Total,White,1051057,0.6823344049276024
943,DE,South,South Atlantic,Male,Total,735386,0.4774043355423063
144,DE,South,South Atlantic,Female,American Indian or Alaska Native,3779,0.0024532843758439454
145,DE,South,South Atlantic,Female,Asian American or Pacific Islander,32365,0.021010994661071525
146,DE,South,South Atlantic,Female,Black or African American,179553,0.11656379188565968
147,DE,South,South Atlantic,Female,Hispanic or Latino,29163,0.01893229220765731
148,DE,South,South Atlantic,Female,Multiracial,13762,0.008934135903774643
149,DE,South,South Atlantic,Female,White,546376,0.35470116542368657
151,DE,South,South Atlantic,Male,Asian American or Pacific Islander,31144,0.0202183351683736
152,DE,South,South Atlantic,Male,Black or African American,153188,0.0994479298668384
153,DE,South,South Atlantic,Male,Hispanic or Latino,30639,0.01989049483765087
942,DE,South,South Atlantic,Female,Total,804998,0.5225956644576937
154,DE,South,South Atlantic,Male,Multiracial,12064,0.007831813366017824
156,DE,South,South Atlantic,Total,American Indian or Alaska Native,7449,0.004835807175353678
157,DE,South,South Atlantic,Total,Asian American or Pacific Islander,63509,0.041229329829445126
158,DE,South,South Atlantic,Total,Black or African American,332741,0.21601172175249808
159,DE,South,South Atlantic,Total,Hispanic or Latino,59802,0.038822787045308185
160,DE,South,South Atlantic,Total,Multiracial,25826,0.01676594926979247
944,DE,South,South Atlantic,Total,Total,1540384,1.0
155,DE,South,South Atlantic,Male,White,504681,0.32763323950391593
150,DE,South,South Atlantic,Male,American Indian or Alaska Native,3670,0.0023825227995097325
947,FL,South,South Atlantic,Total,Total,34495616,1.0
946,FL,South,South Atlantic,Male,Total,16675320,0.4834040360375069
945,FL,South,South Atlantic,Female,Total,17820296,0.5165959639624931
174,FL,South,South Atlantic,Total,American Indian or Alaska Native,131216,0.0038038456828832974
173,FL,South,South Atlantic,Male,White,11349456,0.32901154743837596
172,FL,South,South Atlantic,Male,Multiracial,226392,0.0065629209230529464
169,FL,South,South Atlantic,Male,Asian American or Pacific Islander,474495,0.013755226171348845
175,FL,South,South Atlantic,Total,Asian American or Pacific Islander,1047007,0.03035188587442532
176,FL,South,South Atlantic,Total,Black or African American,5196604,0.1506453457737934
177,FL,South,South Atlantic,Total,Hispanic or Latino,4306156,0.12483197864911298
178,FL,South,South Atlantic,Total,Multiracial,475764,0.013792013454695228
179,FL,South,South Atlantic,Total,White,23338869,0.6765749305650898
168,FL,South,South Atlantic,Male,American Indian or Alaska Native,67353,0.0019525089796917962
167,FL,South,South Atlantic,Female,White,11989413,0.34756338312671387
166,FL,South,South Atlantic,Female,Multiracial,249372,0.007229092531642282
165,FL,South,South Atlantic,Female,Hispanic or Latino,2203213,0.06386936241405285
164,FL,South,South Atlantic,Female,Black or African American,2741923,0.07948612948381614
163,FL,South,South Atlantic,Female,Asian American or Pacific Islander,572512,0.016596659703076472
162,FL,South,South Atlantic,Female,American Indian or Alaska Native,63863,0.0018513367031915012
171,FL,South,South Atlantic,Male,Hispanic or Latino,2102943,0.06096261623506013
170,FL,South,South Atlantic,Male,Black or African American,2454681,0.07115921628997725
948,GA,South,South Atlantic,Female,Total,8454268,0.5209973646528236
949,GA,South,South Atlantic,Male,Total,7772816,0.47900263534717635
192,GA,South,South Atlantic,Total,American Indian or Alaska Native,60120,0.003704917038699005
193,GA,South,South Atlantic,Total,Asian American or Pacific Islander,728995,0.04492458410888857
180,GA,South,South Atlantic,Female,American Indian or Alaska Native,29159,0.00179693406406228
181,GA,South,South Atlantic,Female,Asian American or Pacific Islander,381197,0.02349140486362183
182,GA,South,South Atlantic,Female,Black or African American,2782836,0.1714932886278274
191,GA,South,South Atlantic,Male,White,4616123,0.2844702720464133
190,GA,South,South Atlantic,Male,Multiracial,105371,0.006493526501742395
189,GA,South,South Atlantic,Male,Hispanic or Latino,354943,0.021873492489470073
188,GA,South,South Atlantic,Male,Black or African American,2317620,0.14282418208964717
187,GA,South,South Atlantic,Male,Asian American or Pacific Islander,347798,0.02143317924526674
186,GA,South,South Atlantic,Male,American Indian or Alaska Native,30961,0.0019079829746367245
185,GA,South,South Atlantic,Female,White,4819950,0.2970311856400078
950,GA,South,South Atlantic,Total,Total,16227084,1.0
184,GA,South,South Atlantic,Female,Multiracial,122966,0.007577824826690982
183,GA,South,South Atlantic,Female,Hispanic or Latino,318160,0.01960672663061336
194,GA,South,South Atlantic,Total,Black or African American,5100456,0.31431747071747457
195,GA,South,South Atlantic,Total,Hispanic or Latino,673103,0.041480219120083435
196,GA,South,South Atlantic,Total,Multiracial,228337,0.014071351328433377
197,GA,South,South Atlantic,Total,White,9436073,0.581501457686421
953,HI,West,Pacific,Total,Total,2232008,1.0
215,HI,West,Pacific,Total,White,568140,0.25454209841541786
214,HI,West,Pacific,Total,Multiracial,404349,0.18115929692008273
213,HI,West,Pacific,Total,Hispanic or Latino,95407,0.04274491847699471
212,HI,West,Pacific,Total,Black or African American,46699,0.020922416048687997
211,HI,West,Pacific,Total,Asian American or Pacific Islander,1110216,0.49740681933039665
210,HI,West,Pacific,Total,American Indian or Alaska Native,7197,0.0032244508084200416
951,HI,West,Pacific,Female,Total,1123902,0.5035385177830903
208,HI,West,Pacific,Male,Multiracial,203128,0.09100684226938255
207,HI,West,Pacific,Male,Hispanic or Latino,48876,0.02189777097573127
209,HI,West,Pacific,Male,White,306917,0.13750712363038126
205,HI,West,Pacific,Male,Asian American or Pacific Islander,515768,0.2310780248099469
206,HI,West,Pacific,Male,Black or African American,29607,0.013264737402374901
198,HI,West,Pacific,Female,American Indian or Alaska Native,3387,0.0015174676793273142
199,HI,West,Pacific,Female,Asian American or Pacific Islander,594448,0.2663287945204498
200,HI,West,Pacific,Female,Black or African American,17092,0.007657678646313095
952,HI,West,Pacific,Male,Total,1108106,0.4964614822169096
202,HI,West,Pacific,Female,Multiracial,201221,0.09015245465070018
203,HI,West,Pacific,Female,White,261223,0.11703497478503662
204,HI,West,Pacific,Male,American Indian or Alaska Native,3810,0.0017069831290927272
201,HI,West,Pacific,Female,Hispanic or Latino,46531,0.020847147501263437
216,IA,Midwest,West North Central,Female,American Indian or Alaska Native,9191,0.0018925315528313023
218,IA,Midwest,West North Central,Female,Black or African American,77123,0.01588050385692618
219,IA,Midwest,West North Central,Female,Hispanic or Latino,58162,0.011976218058510957
220,IA,Midwest,West North Central,Female,Multiracial,27775,0.005719188758556133
221,IA,Midwest,West North Central,Female,White,2219838,0.45708992026699297
222,IA,Midwest,West North Central,Male,American Indian or Alaska Native,8938,0.0018404359720602958
223,IA,Midwest,West North Central,Male,Asian American or Pacific Islander,68215,0.014046245226459284
224,IA,Midwest,West North Central,Male,Black or African American,91888,0.018920785477811196
217,IA,Midwest,West North Central,Female,Asian American or Pacific Islander,66073,0.013605183036690525
227,IA,Midwest,West North Central,Male,White,2137234,0.44008081610095257
954,IA,Midwest,West North Central,Female,Total,2458162,0.506163545530508
955,IA,Midwest,West North Central,Male,Total,2398296,0.493836454469492
956,IA,Midwest,West North Central,Total,Total,4856458,1.0
228,IA,Midwest,West North Central,Total,American Indian or Alaska Native,18129,0.003732967524891598
229,IA,Midwest,West North Central,Total,Asian American or Pacific Islander,134288,0.02765142826314981
230,IA,Midwest,West North Central,Total,Black or African American,169011,0.034801289334737376
231,IA,Midwest,West North Central,Total,Hispanic or Latino,122644,0.025253796079364836
232,IA,Midwest,West North Central,Total,Multiracial,55314,0.011389782429910853
233,IA,Midwest,West North Central,Total,White,4357072,0.8971707363679455
226,IA,Midwest,West North Central,Male,Multiracial,27539,0.00567059367135472
225,IA,Midwest,West North Central,Male,Hispanic or Latino,64482,0.013277578020853881
240,ID,West,Mountain,Male,American Indian or Alaska Native,18005,0.006723983914721734
239,ID,West,Mountain,Female,White,1197043,0.44703681628604547
234,ID,West,Mountain,Female,American Indian or Alaska Native,18148,0.006777387397076925
237,ID,West,Mountain,Female,Hispanic or Latino,70181,0.026209159406780674
236,ID,West,Mountain,Female,Black or African American,8035,0.0030006781868808182
235,ID,West,Mountain,Female,Asian American or Pacific Islander,27065,0.010107449300302346
238,ID,West,Mountain,Female,Multiracial,23288,0.008696925154459302
241,ID,West,Mountain,Male,Asian American or Pacific Islander,20837,0.007781596935909846
243,ID,West,Mountain,Male,Hispanic or Latino,76647,0.02862389309145664
245,ID,West,Mountain,Male,White,1182085,0.4414507373415074
246,ID,West,Mountain,Total,American Indian or Alaska Native,36153,0.01350137131179866
247,ID,West,Mountain,Total,Asian American or Pacific Islander,47902,0.01788904623621219
248,ID,West,Mountain,Total,Black or African American,20577,0.007684499695264045
249,ID,West,Mountain,Total,Hispanic or Latino,146828,0.05483305249823731
250,ID,West,Mountain,Total,Multiracial,47140,0.01760447663093488
251,ID,West,Mountain,Total,White,2379128,0.8884875536275529
959,ID,West,Mountain,Total,Total,2677728,1.0
958,ID,West,Mountain,Male,Total,1333968,0.4981715842684544
957,ID,West,Mountain,Female,Total,1343760,0.5018284157315456
242,ID,West,Mountain,Male,Black or African American,12542,0.0046838215083832265
244,ID,West,Mountain,Male,Multiracial,23852,0.00890755147647558
962,IL,Midwest,East North Central,Total,Total,19707892,1.0
961,IL,Midwest,East North Central,Male,Total,9575440,0.4858683008816975
960,IL,Midwest,East North Central,Female,Total,10132452,0.5141316991183025
265,IL,Midwest,East North Central,Total,Asian American or Pacific Islander,1192884,0.06052823914399368
267,IL,Midwest,East North Central,Total,Hispanic or Latino,1519093,0.07708044066813437
266,IL,Midwest,East North Central,Total,Black or African American,2759057,0.13999757051642053
264,IL,Midwest,East North Central,Total,American Indian or Alaska Native,73311,0.003719880340322547
263,IL,Midwest,East North Central,Male,White,6806790,0.3453839710507851
262,IL,Midwest,East North Central,Male,Multiracial,123278,0.0062552605829177465
261,IL,Midwest,East North Central,Male,Hispanic or Latino,777057,0.03942872226009763
260,IL,Midwest,East North Central,Male,Black or African American,1263833,0.06412826902034982
259,IL,Midwest,East North Central,Male,Asian American or Pacific Islander,566795,0.028759798358951837
258,IL,Midwest,East North Central,Male,American Indian or Alaska Native,37687,0.001912279608595379
257,IL,Midwest,East North Central,Female,White,7103347,0.3604315976564109
256,IL,Midwest,East North Central,Female,Multiracial,130132,0.006603040041015041
255,IL,Midwest,East North Central,Female,Hispanic or Latino,742036,0.03765171840803674
254,IL,Midwest,East North Central,Female,Black or African American,1495224,0.07586930149607071
253,IL,Midwest,East North Central,Female,Asian American or Pacific Islander,626089,0.03176844078504185
252,IL,Midwest,East North Central,Female,American Indian or Alaska Native,35624,0.001807600731727168
269,IL,Midwest,East North Central,Total,White,13910137,0.7058155687071961
268,IL,Midwest,East North Central,Total,Multiracial,253410,0.012858300623932789
963,IN,Midwest,East North Central,Female,Total,5293268,0.5124919518729263
964,IN,Midwest,East North Central,Male,Total,5035222,0.48750804812707377
965,IN,Midwest,East North Central,Total,Total,10328490,1.0
286,IN,Midwest,East North Central,Total,Multiracial,135567,0.013125539164001708
270,IN,Midwest,East North Central,Female,American Indian or Alaska Native,16767,0.0016233737942332326
285,IN,Midwest,East North Central,Total,Hispanic or Latino,309839,0.029998479932691034
284,IN,Midwest,East North Central,Total,Black or African American,952603,0.09223061647927239
283,IN,Midwest,East North Central,Total,Asian American or Pacific Islander,270605,0.02619986077345285
282,IN,Midwest,East North Central,Total,American Indian or Alaska Native,34136,0.0033050329719058642
281,IN,Midwest,East North Central,Male,White,4205801,0.40720386039004736
280,IN,Midwest,East North Central,Male,Multiracial,65102,0.006303147894803597
287,IN,Midwest,East North Central,Total,White,8625740,0.8351404706786761
279,IN,Midwest,East North Central,Male,Hispanic or Latino,161098,0.015597439703189914
277,IN,Midwest,East North Central,Male,Asian American or Pacific Islander,135515,0.013120504546163089
276,IN,Midwest,East North Central,Male,American Indian or Alaska Native,17369,0.0016816591776726317
275,IN,Midwest,East North Central,Female,White,4419939,0.42793661028862884
274,IN,Midwest,East North Central,Female,Multiracial,70465,0.006822391269198111
273,IN,Midwest,East North Central,Female,Hispanic or Latino,148741,0.014401040229501118
272,IN,Midwest,East North Central,Female,Black or African American,502266,0.04862918006407519
271,IN,Midwest,East North Central,Female,Asian American or Pacific Islander,135090,0.013079356227289759
278,IN,Midwest,East North Central,Male,Black or African American,450337,0.04360143641519719
967,KS,Midwest,West North Central,Male,Total,2186586,0.4940177961414582
966,KS,Midwest,West North Central,Female,Total,2239542,0.5059822038585419
968,KS,Midwest,West North Central,Total,Total,4426128,1.0
305,KS,Midwest,West North Central,Total,White,3667130,0.828518741437211
300,KS,Midwest,West North Central,Total,American Indian or Alaska Native,44134,0.009971243488665488
304,KS,Midwest,West North Central,Total,Multiracial,86598,0.019565182028174512
303,KS,Midwest,West North Central,Total,Hispanic or Latino,225267,0.05089482274349047
302,KS,Midwest,West North Central,Total,Black or African American,255054,0.057624632636019565
301,KS,Midwest,West North Central,Total,Asian American or Pacific Islander,147945,0.03342537766643893
299,KS,Midwest,West North Central,Male,White,1800716,0.40683775977558717
298,KS,Midwest,West North Central,Male,Multiracial,42334,0.009564567495562714
296,KS,Midwest,West North Central,Male,Black or African American,133319,0.0301209092913716
297,KS,Midwest,West North Central,Male,Hispanic or Latino,117121,0.02646127721566118
294,KS,Midwest,West North Central,Male,American Indian or Alaska Native,21947,0.004958510011459226
293,KS,Midwest,West North Central,Female,White,1866414,0.4216809816616239
292,KS,Midwest,West North Central,Female,Multiracial,44264,0.0100006145326118
291,KS,Midwest,West North Central,Female,Hispanic or Latino,108146,0.02443354552782929
290,KS,Midwest,West North Central,Female,Black or African American,121735,0.027503723344647964
289,KS,Midwest,West North Central,Female,Asian American or Pacific Islander,76796,0.01735060531462262
288,KS,Midwest,West North Central,Female,American Indian or Alaska Native,22187,0.0050127334772062625
295,KS,Midwest,West North Central,Male,Asian American or Pacific Islander,71149,0.016074772351816306
322,KY,South,East South Central,Total,Multiracial,85238,0.012300558588917924
320,KY,South,East South Central,Total,Black or African American,556457,0.08030141404905677
321,KY,South,East South Central,Total,Hispanic or Latino,109073,0.015740149076339714
323,KY,South,East South Central,Total,White,6049771,0.873032715866592
311,KY,South,East South Central,Female,White,3114845,0.44949826858793085
970,KY,South,East South Central,Male,Total,3374194,0.4869245053541299
971,KY,South,East South Central,Total,Total,6929604,1.0
319,KY,South,East South Central,Total,Asian American or Pacific Islander,110836,0.015994564768780438
969,KY,South,East South Central,Female,Total,3555410,0.5130754946458701
318,KY,South,East South Central,Total,American Indian or Alaska Native,18229,0.0026305976503130627
317,KY,South,East South Central,Male,White,2934926,0.42353444727866124
315,KY,South,East South Central,Male,Hispanic or Latino,60242,0.00869342606013273
314,KY,South,East South Central,Male,Black or African American,275132,0.03970385609336406
313,KY,South,East South Central,Male,Asian American or Pacific Islander,52970,0.0076440154444611845
312,KY,South,East South Central,Male,American Indian or Alaska Native,9429,0.0013606838139668587
310,KY,South,East South Central,Female,Multiracial,43743,0.006312481925374091
309,KY,South,East South Central,Female,Hispanic or Latino,48831,0.007046723016206987
316,KY,South,East South Central,Male,Multiracial,41495,0.005988076663543833
306,KY,South,East South Central,Female,American Indian or Alaska Native,8800,0.001269913836346204
307,KY,South,East South Central,Female,Asian American or Pacific Islander,57866,0.008350549324319254
308,KY,South,East South Central,Female,Black or African American,281325,0.040597557955692705
974,LA,South,West South Central,Total,Total,7122328,1.0
337,LA,South,West South Central,Total,Asian American or Pacific Islander,134206,0.018842996278744816
972,LA,South,West South Central,Female,Total,3696250,0.5189665513860074
336,LA,South,West South Central,Total,American Indian or Alaska Native,50719,0.007121126687790846
973,LA,South,West South Central,Male,Total,3426078,0.4810334486139925
338,LA,South,West South Central,Total,Black or African American,2227887,0.312803201425152
335,LA,South,West South Central,Male,White,2179073,0.30594954346387865
331,LA,South,West South Central,Male,Asian American or Pacific Islander,65688,0.009222827143035255
333,LA,South,West South Central,Male,Hispanic or Latino,90358,0.012686582252319747
332,LA,South,West South Central,Male,Black or African American,1029287,0.14451552919214056
330,LA,South,West South Central,Male,American Indian or Alaska Native,25009,0.003511351906286821
329,LA,South,West South Central,Female,White,2285857,0.32094239411608116
328,LA,South,West South Central,Female,Multiracial,40833,0.005733097380519403
327,LA,South,West South Central,Female,Hispanic or Latino,76732,0.010773443739181907
326,LA,South,West South Central,Female,Black or African American,1198600,0.16828767223301144
325,LA,South,West South Central,Female,Asian American or Pacific Islander,68518,0.00962016913570956
324,LA,South,West South Central,Female,American Indian or Alaska Native,25710,0.003609774781504025
334,LA,South,West South Central,Male,Multiracial,36663,0.005147614656331469
339,LA,South,West South Central,Total,Hispanic or Latino,167090,0.023460025991501654
340,LA,South,West South Central,Total,Multiracial,77496,0.010880712036850872
341,LA,South,West South Central,Total,White,4464930,0.6268919375799598
358,MA,Northeast,New England,Total,Multiracial,176195,0.01590292836998662
357,MA,Northeast,New England,Total,Hispanic or Latino,594965,0.053700081033225065
356,MA,Northeast,New England,Total,Black or African American,850731,0.0767848926196946
355,MA,Northeast,New England,Total,Asian American or Pacific Islander,799985,0.07220468317525326
354,MA,Northeast,New England,Total,American Indian or Alaska Native,36187,0.003266149827887885
353,MA,Northeast,New England,Male,White,4131907,0.3729357873517768
352,MA,Northeast,New England,Male,Multiracial,84982,0.007670266799501706
351,MA,Northeast,New England,Male,Hispanic or Latino,292205,0.026373706316024523
350,MA,Northeast,New England,Male,Black or African American,406542,0.03669348338710577
349,MA,Northeast,New England,Male,Asian American or Pacific Islander,376140,0.03394947346455216
348,MA,Northeast,New England,Male,American Indian or Alaska Native,18220,0.001644492493550647
347,MA,Northeast,New England,Female,White,4489436,0.4052054776221758
346,MA,Northeast,New England,Female,Multiracial,91213,0.008232661570484917
345,MA,Northeast,New England,Female,Hispanic or Latino,302760,0.027326374717200543
343,MA,Northeast,New England,Female,Asian American or Pacific Islander,423845,0.0382552097107011
359,MA,Northeast,New England,Total,White,8621343,0.7781412649739525
342,MA,Northeast,New England,Female,American Indian or Alaska Native,17967,0.0016216573343372379
344,MA,Northeast,New England,Female,Black or African American,444189,0.040091409232588825
977,MA,Northeast,New England,Total,Total,11079406,1.0
976,MA,Northeast,New England,Male,Total,5309996,0.4792672098125116
975,MA,Northeast,New England,Female,Total,5769410,0.5207327901874884
364,MD,South,South Atlantic,Female,Multiracial,93722,0.009947159760160968
368,MD,South,South Atlantic,Male,Black or African American,1296017,0.1375524225996515
367,MD,South,South Atlantic,Male,Asian American or Pacific Islander,300742,0.031919172879263456
366,MD,South,South Atlantic,Male,American Indian or Alaska Native,19341,0.002052751935738389
365,MD,South,South Atlantic,Female,White,2712158,0.28785417426856713
363,MD,South,South Atlantic,Female,Hispanic or Latino,203783,0.021628454977538705
361,MD,South,South Atlantic,Female,Asian American or Pacific Islander,345677,0.03668833725713454
369,MD,South,South Atlantic,Male,Hispanic or Latino,220053,0.02335526713794735
360,MD,South,South Atlantic,Female,American Indian or Alaska Native,18897,0.0020056281127991487
978,MD,South,South Atlantic,Female,Total,4925002,0.5227137887914501
979,MD,South,South Atlantic,Male,Total,4496984,0.47728621120854986
980,MD,South,South Atlantic,Total,Total,9421986,1.0
362,MD,South,South Atlantic,Female,Black or African American,1550765,0.1645900344152496
370,MD,South,South Atlantic,Male,Multiracial,81334,0.008632362646261627
374,MD,South,South Atlantic,Total,Black or African American,2846782,0.3021424570149011
372,MD,South,South Atlantic,Total,American Indian or Alaska Native,38238,0.004058380048537538
373,MD,South,South Atlantic,Total,Asian American or Pacific Islander,646419,0.068607510136398
375,MD,South,South Atlantic,Total,Hispanic or Latino,423836,0.044983722115486055
376,MD,South,South Atlantic,Total,Multiracial,175056,0.018579522406422595
377,MD,South,South Atlantic,Total,White,5291655,0.5616284082782547
371,MD,South,South Atlantic,Male,White,2579497,0.27377423400968753
983,ME,Northeast,New England,Total,Total,2190740,1.0
982,ME,Northeast,New England,Male,Total,1061054,0.48433588650410364
981,ME,Northeast,New England,Female,Total,1129686,0.5156641134958964
386,ME,Northeast,New England,Male,Black or African American,16712,0.007628472570912112
385,ME,Northeast,New England,Male,Asian American or Pacific Islander,12129,0.005536485388498863
384,ME,Northeast,New England,Male,American Indian or Alaska Native,6927,0.003161945278764253
383,ME,Northeast,New England,Female,White,1071388,0.48905301405004703
382,ME,Northeast,New England,Female,Multiracial,14100,0.006436181381633603
381,ME,Northeast,New England,Female,Hispanic or Latino,8107,0.0037005760610569947
395,ME,Northeast,New England,Total,White,2074921,0.9471324757844382
394,ME,Northeast,New England,Total,Multiracial,27498,0.012551923094479491
392,ME,Northeast,New England,Total,Black or African American,29377,0.013409624145265983
391,ME,Northeast,New England,Total,Asian American or Pacific Islander,28282,0.012909793037968905
390,ME,Northeast,New England,Total,American Indian or Alaska Native,14200,0.00648182805809909
380,ME,Northeast,New England,Female,Black or African American,12665,0.005781151574353871
379,ME,Northeast,New England,Female,Asian American or Pacific Islander,16153,0.007373307649470042
378,ME,Northeast,New England,Female,American Indian or Alaska Native,7273,0.003319882779334837
388,ME,Northeast,New England,Male,Multiracial,13398,0.006115741712845887
389,ME,Northeast,New England,Male,White,1003533,0.4580794617343911
393,ME,Northeast,New England,Total,Hispanic or Latino,16462,0.007514355879748395
387,ME,Northeast,New England,Male,Hispanic or Latino,8355,0.003813779818691401
396,MI,Midwest,East North Central,Female,American Indian or Alaska Native,50607,0.0032262839726612167
397,MI,Midwest,East North Central,Female,Asian American or Pacific Islander,269961,0.017210481702997504
985,MI,Midwest,East North Central,Male,Total,7643696,0.48729886965626595
986,MI,Midwest,East North Central,Total,Total,15685848,1.0
398,MI,Midwest,East North Central,Female,Black or African American,1119071,0.07134271605844963
984,MI,Midwest,East North Central,Female,Total,8042152,0.512701130343734
413,MI,Midwest,East North Central,Total,White,12363933,0.7882221605105443
411,MI,Midwest,East North Central,Total,Hispanic or Latino,345921,0.022053063372793107
410,MI,Midwest,East North Central,Total,Black or African American,2084400,0.1328841131190357
409,MI,Midwest,East North Central,Total,Asian American or Pacific Islander,529995,0.0337880999484376
408,MI,Midwest,East North Central,Total,American Indian or Alaska Native,99979,0.006373834554561538
407,MI,Midwest,East North Central,Male,White,6068422,0.38687242156114227
406,MI,Midwest,East North Central,Male,Multiracial,125216,0.007982737050620406
405,MI,Midwest,East North Central,Male,Hispanic or Latino,175323,0.011177145156576807
412,MI,Midwest,East North Central,Total,Multiracial,261620,0.01667872849462777
403,MI,Midwest,East North Central,Male,Asian American or Pacific Islander,260034,0.016577618245440094
402,MI,Midwest,East North Central,Male,American Indian or Alaska Native,49372,0.003147550581900322
401,MI,Midwest,East North Central,Female,White,6295511,0.401349738949402
400,MI,Midwest,East North Central,Female,Multiracial,136404,0.008695991444007362
399,MI,Midwest,East North Central,Female,Hispanic or Latino,170598,0.010875918216216298
404,MI,Midwest,East North Central,Male,Black or African American,965329,0.061541397060586076
428,MN,Midwest,West North Central,Total,Black or African American,509233,0.058715085409232155
426,MN,Midwest,West North Central,Total,American Indian or Alaska Native,91246,0.010520757066511394
425,MN,Midwest,West North Central,Male,White,3606760,0.41586311462651115
424,MN,Midwest,West North Central,Male,Multiracial,66151,0.007627277915818724
423,MN,Midwest,West North Central,Male,Hispanic or Latino,103864,0.011975625363918852
422,MN,Midwest,West North Central,Male,Black or African American,260193,0.030000518854599645
421,MN,Midwest,West North Central,Male,Asian American or Pacific Islander,206115,0.023765270179120137
420,MN,Midwest,West North Central,Male,American Indian or Alaska Native,44999,0.005188430695438115
417,MN,Midwest,West North Central,Female,Hispanic or Latino,93684,0.010801860958497398
418,MN,Midwest,West North Central,Female,Multiracial,70547,0.008134141209161819
416,MN,Midwest,West North Central,Female,Black or African American,249040,0.028714566554632507
415,MN,Midwest,West North Central,Female,Asian American or Pacific Islander,220718,0.025449011005482563
414,MN,Midwest,West North Central,Female,American Indian or Alaska Native,46247,0.00533232637107328
429,MN,Midwest,West North Central,Total,Hispanic or Latino,197548,0.02277748632241625
987,MN,Midwest,West North Central,Female,Total,4384868,0.5055797623645933
988,MN,Midwest,West North Central,Male,Total,4288082,0.49442023763540666
989,MN,Midwest,West North Central,Total,Total,8672950,1.0
419,MN,Midwest,West North Central,Female,White,3704632,0.4271478562657458
430,MN,Midwest,West North Central,Total,Multiracial,136698,0.015761419124980542
427,MN,Midwest,West North Central,Total,Asian American or Pacific Islander,426833,0.0492142811846027
431,MN,Midwest,West North Central,Total,White,7311392,0.843010970892257
432,MO,Midwest,West North Central,Female,American Indian or Alaska Native,24008,0.0025182285214763733
992,MO,Midwest,West North Central,Total,Total,9533686,1.0
991,MO,Midwest,West North Central,Male,Total,4622632,0.4848735316015233
990,MO,Midwest,West North Central,Female,Total,4911054,0.5151264683984768
449,MO,Midwest,West North Central,Total,White,7879936,0.8265361372296087
448,MO,Midwest,West North Central,Total,Multiracial,147816,0.015504601263351866
447,MO,Midwest,West North Central,Total,Hispanic or Latino,173002,0.018146391647469826
446,MO,Midwest,West North Central,Total,Black or African American,1064064,0.11161097606948667
444,MO,Midwest,West North Central,Total,American Indian or Alaska Native,48452,0.0050821896169015845
443,MO,Midwest,West North Central,Male,White,3837825,0.4025541642550426
445,MO,Midwest,West North Central,Total,Asian American or Pacific Islander,220416,0.023119704173181287
441,MO,Midwest,West North Central,Male,Hispanic or Latino,90062,0.009446713474725305
440,MO,Midwest,West North Central,Male,Black or African American,494333,0.051851193756538655
439,MO,Midwest,West North Central,Male,Asian American or Pacific Islander,103593,0.010865996635509079
438,MO,Midwest,West North Central,Male,American Indian or Alaska Native,24444,0.002563961095425211
437,MO,Midwest,West North Central,Female,White,4042111,0.4239819729745662
436,MO,Midwest,West North Central,Female,Multiracial,75441,0.007913098879069439
442,MO,Midwest,West North Central,Male,Multiracial,72375,0.007591502384282428
435,MO,Midwest,West North Central,Female,Hispanic or Latino,82940,0.008699678172744519
433,MO,Midwest,West North Central,Female,Asian American or Pacific Islander,116823,0.012253707537672208
434,MO,Midwest,West North Central,Female,Black or African American,569731,0.059759782312948005
994,MS,South,East South Central,Male,Total,2173080,0.4770619160981504
993,MS,South,East South Central,Female,Total,2382052,0.5229380839018496
463,MS,South,East South Central,Total,Asian American or Pacific Islander,53904,0.011833685609988908
462,MS,South,East South Central,Total,American Indian or Alaska Native,23776,0.005219607247386025
464,MS,South,East South Central,Total,Black or African American,1653889,0.3630825627007077
995,MS,South,East South Central,Total,Total,4555132,1.0
465,MS,South,East South Central,Total,Hispanic or Latino,65092,0.014289816409272004
461,MS,South,East South Central,Male,White,1325184,0.2909210973469045
452,MS,South,East South Central,Female,Black or African American,898628,0.19727814693405152
459,MS,South,East South Central,Male,Hispanic or Latino,37745,0.008286258224789095
458,MS,South,East South Central,Male,Black or African American,755261,0.16580441576665617
457,MS,South,East South Central,Male,Asian American or Pacific Islander,25070,0.005503682439938074
456,MS,South,East South Central,Male,American Indian or Alaska Native,11530,0.0025312109506376544
455,MS,South,East South Central,Female,White,1395446,0.30634589733074696
454,MS,South,East South Central,Female,Multiracial,19551,0.004292081985769018
453,MS,South,East South Central,Female,Hispanic or Latino,27347,0.006003558184482908
451,MS,South,East South Central,Female,Asian American or Pacific Islander,28834,0.006330003170050835
450,MS,South,East South Central,Female,American Indian or Alaska Native,12246,0.0026883962967483707
466,MS,South,East South Central,Total,Multiracial,37841,0.008307333354993883
460,MS,South,East South Central,Male,Multiracial,18290,0.004015251369224865
467,MS,South,East South Central,Total,White,2720630,0.5972669946776515
475,MT,West,Mountain,Male,Asian American or Pacific Islander,7023,0.00417941179971197
997,MT,West,Mountain,Male,Total,841552,0.5008105309513324
485,MT,West,Mountain,Total,White,1503252,0.8945905092895654
484,MT,West,Mountain,Total,Multiracial,34250,0.020382294481010248
482,MT,West,Mountain,Total,Black or African American,8942,0.00532141539413704
481,MT,West,Mountain,Total,Asian American or Pacific Islander,17351,0.010325640628905366
480,MT,West,Mountain,Total,American Indian or Alaska Native,88552,0.05269760411335531
479,MT,West,Mountain,Male,White,754330,0.44890441447767765
478,MT,West,Mountain,Male,Multiracial,17061,0.010153060617241338
477,MT,West,Mountain,Male,Hispanic or Latino,14365,0.008548661612254371
483,MT,West,Mountain,Total,Hispanic or Latino,28033,0.016682536093026577
474,MT,West,Mountain,Male,American Indian or Alaska Native,43121,0.025661457527464026
476,MT,West,Mountain,Male,Black or African American,5652,0.0033635249169830634
998,MT,West,Mountain,Total,Total,1680380,1.0
468,MT,West,Mountain,Female,American Indian or Alaska Native,45431,0.027036146585891287
469,MT,West,Mountain,Female,Asian American or Pacific Islander,10328,0.006146228829193396
996,MT,West,Mountain,Female,Total,838828,0.49918946904866757
471,MT,West,Mountain,Female,Hispanic or Latino,13668,0.008133874480772206
472,MT,West,Mountain,Female,Multiracial,17189,0.01022923386376891
473,MT,West,Mountain,Female,White,748922,0.4456860948118878
470,MT,West,Mountain,Female,Black or African American,3290,0.0019578904771539772
498,NC,South,South Atlantic,Total,American Indian or Alaska Native,208580,0.012737913730283807
497,NC,South,South Atlantic,Male,White,5473390,0.33425817255824186
496,NC,South,South Atlantic,Male,Multiracial,109442,0.006683587853436189
495,NC,South,South Atlantic,Male,Hispanic or Latino,331826,0.02026450743822588
494,NC,South,South Atlantic,Male,Black or African American,1593510,0.0973151448285768
493,NC,South,South Atlantic,Male,Asian American or Pacific Islander,246151,0.015032362655207063
491,NC,South,South Atlantic,Female,White,5812808,0.3549863210025101
490,NC,South,South Atlantic,Female,Multiracial,124772,0.007619786038714024
489,NC,South,South Atlantic,Female,Hispanic or Latino,305136,0.018634557694907853
487,NC,South,South Atlantic,Female,Asian American or Pacific Islander,268068,0.016370826818725284
486,NC,South,South Atlantic,Female,American Indian or Alaska Native,108011,0.006596197142207711
492,NC,South,South Atlantic,Male,American Indian or Alaska Native,100569,0.006141716588076096
488,NC,South,South Atlantic,Female,Black or African American,1901055,0.11609681938117117
499,NC,South,South Atlantic,Total,Asian American or Pacific Islander,514219,0.03140318947393235
501,NC,South,South Atlantic,Total,Hispanic or Latino,636962,0.03889906513313373
502,NC,South,South Atlantic,Total,Multiracial,234214,0.014303373892150213
503,NC,South,South Atlantic,Total,White,11286198,0.6892444935607519
999,NC,South,South Atlantic,Female,Total,8519850,0.5203045080782361
1000,NC,South,South Atlantic,Male,Total,7854888,0.47969549192176386
1001,NC,South,South Atlantic,Total,Total,16374738,1.0
500,NC,South,South Atlantic,Total,Black or African American,3494565,0.21341196420974798
1002,ND,Midwest,West North Central,Female,Total,567826,0.48791440321297286
1003,ND,Midwest,West North Central,Male,Total,595956,0.5120855967870271
1004,ND,Midwest,West North Central,Total,Total,1163782,1.0
521,ND,Midwest,West North Central,Total,White,1020190,0.8766160672703307
520,ND,Midwest,West North Central,Total,Multiracial,17028,0.014631606263028642
519,ND,Midwest,West North Central,Total,Hispanic or Latino,19366,0.0166405735782131
518,ND,Midwest,West North Central,Total,Black or African American,34809,0.02991024092140968
517,ND,Midwest,West North Central,Total,Asian American or Pacific Islander,20573,0.01767770939918301
515,ND,Midwest,West North Central,Male,White,520177,0.44697116813973753
514,ND,Midwest,West North Central,Male,Multiracial,8833,0.007589909450395349
513,ND,Midwest,West North Central,Male,Hispanic or Latino,10809,0.009287821946034567
512,ND,Midwest,West North Central,Male,Black or African American,20874,0.017936348903832503
511,ND,Midwest,West North Central,Male,Asian American or Pacific Islander,10202,0.008766246599449037
510,ND,Midwest,West North Central,Male,American Indian or Alaska Native,25061,0.021534101747578156
509,ND,Midwest,West North Central,Female,White,500013,0.42964489913059317
508,ND,Midwest,West North Central,Female,Multiracial,8195,0.007041696812633294
507,ND,Midwest,West North Central,Female,Hispanic or Latino,8557,0.0073527516321785355
506,ND,Midwest,West North Central,Female,Black or African American,13935,0.011973892017577176
505,ND,Midwest,West North Central,Female,Asian American or Pacific Islander,10371,0.00891146279973397
516,ND,Midwest,West North Central,Total,American Indian or Alaska Native,51816,0.04452380256783487
504,ND,Midwest,West North Central,Female,American Indian or Alaska Native,26755,0.022989700820256715
1007,NE,Midwest,West North Central,Total,Total,2916668,1.0
1006,NE,Midwest,West North Central,Male,Total,1444756,0.4953446878424284
1005,NE,Midwest,West North Central,Female,Total,1471912,0.5046553121575715
535,NE,Midwest,West North Central,Total,Asian American or Pacific Islander,80520,0.027606844522585362
537,NE,Midwest,West North Central,Total,Hispanic or Latino,133572,0.04579609335035732
539,NE,Midwest,West North Central,Total,White,2497981,0.8564502370513202
538,NE,Midwest,West North Central,Total,Multiracial,40251,0.013800336548417579
536,NE,Midwest,West North Central,Total,Black or African American,136116,0.046668321523053016
534,NE,Midwest,West North Central,Total,American Indian or Alaska Native,28228,0.009678167004266512
532,NE,Midwest,West North Central,Male,Multiracial,19548,0.0067021683647230336
531,NE,Midwest,West North Central,Male,Hispanic or Latino,70549,0.024188217513957708
530,NE,Midwest,West North Central,Male,Black or African American,70788,0.02427016033364099
529,NE,Midwest,West North Central,Male,Asian American or Pacific Islander,39315,0.013479422409406899
528,NE,Midwest,West North Central,Male,American Indian or Alaska Native,13868,0.004754740683547116
527,NE,Midwest,West North Central,Female,White,1267293,0.4345002585141675
533,NE,Midwest,West North Central,Male,White,1230688,0.42194997853715266
525,NE,Midwest,West North Central,Female,Hispanic or Latino,63023,0.02160787583639962
524,NE,Midwest,West North Central,Female,Black or African American,65328,0.022398161189412027
523,NE,Midwest,West North Central,Female,Asian American or Pacific Islander,41205,0.014127422113178462
522,NE,Midwest,West North Central,Female,American Indian or Alaska Native,14360,0.004923426320719396
526,NE,Midwest,West North Central,Female,Multiracial,20703,0.007098168183694545
551,NH,Northeast,New England,Male,White,1001097,0.4532073650605093
550,NH,Northeast,New England,Male,Multiracial,13285,0.006014262199196348
549,NH,Northeast,New England,Male,Hispanic or Latino,19524,0.008838724514648814
548,NH,Northeast,New England,Male,Black or African American,18855,0.008535861028667454
547,NH,Northeast,New England,Male,Asian American or Pacific Islander,30636,0.013869246272832467
546,NH,Northeast,New England,Male,American Indian or Alaska Native,3043,0.001377598786010876
545,NH,Northeast,New England,Female,White,1041058,0.4712981389966843
544,NH,Northeast,New England,Female,Multiracial,13263,0.006004302562886049
543,NH,Northeast,New England,Female,Hispanic or Latino,18095,0.008191800865220769
540,NH,Northeast,New England,Female,American Indian or Alaska Native,2731,0.0012363530347011837
541,NH,Northeast,New England,Female,Asian American or Pacific Islander,33301,0.015075720398602754
557,NH,Northeast,New England,Total,White,2042155,0.9245055040571937
556,NH,Northeast,New England,Total,Multiracial,26548,0.012018564762082396
554,NH,Northeast,New England,Total,Black or African American,32883,0.014886487308707076
555,NH,Northeast,New England,Total,Hispanic or Latino,37619,0.01703052537986958
1010,NH,Northeast,New England,Total,Total,2208916,1.0
552,NH,Northeast,New England,Total,American Indian or Alaska Native,5774,0.0026139518207120597
1009,NH,Northeast,New England,Male,Total,1086440,0.4918430578618653
1008,NH,Northeast,New England,Female,Total,1122476,0.5081569421381347
542,NH,Northeast,New England,Female,Black or African American,14028,0.0063506262800396215
553,NH,Northeast,New England,Total,Asian American or Pacific Islander,63937,0.02894496667143522
561,NJ,Northeast,Middle Atlantic,Female,Hispanic or Latino,662700,0.047720120306261354
1011,NJ,Northeast,Middle Atlantic,Female,Total,7185222,0.5173980055337193
1012,NJ,Northeast,Middle Atlantic,Male,Total,6702002,0.48260199446628066
1013,NJ,Northeast,Middle Atlantic,Total,Total,13887224,1.0
559,NJ,Northeast,Middle Atlantic,Female,Asian American or Pacific Islander,722066,0.05199498474281109
560,NJ,Northeast,Middle Atlantic,Female,Black or African American,1022067,0.07359764629705692
558,NJ,Northeast,Middle Atlantic,Female,American Indian or Alaska Native,25528,0.001838236353068115
562,NJ,Northeast,Middle Atlantic,Female,Multiracial,100062,0.007205327717044098
575,NJ,Northeast,Middle Atlantic,Total,White,9026401,0.6499787862570662
574,NJ,Northeast,Middle Atlantic,Total,Multiracial,191816,0.013812407720938325
573,NJ,Northeast,Middle Atlantic,Total,Hispanic or Latino,1318477,0.09494172485444176
572,NJ,Northeast,Middle Atlantic,Total,Black or African American,1907272,0.1373400472261411
570,NJ,Northeast,Middle Atlantic,Total,American Indian or Alaska Native,52168,0.003756546304718639
569,NJ,Northeast,Middle Atlantic,Male,White,4373602,0.3149370961395884
568,NJ,Northeast,Middle Atlantic,Male,Multiracial,91754,0.0066070800038942265
571,NJ,Northeast,Middle Atlantic,Total,Asian American or Pacific Islander,1391090,0.10017048763669399
566,NJ,Northeast,Middle Atlantic,Male,Black or African American,885205,0.06374240092908418
565,NJ,Northeast,Middle Atlantic,Male,Asian American or Pacific Islander,669024,0.04817550289388289
564,NJ,Northeast,Middle Atlantic,Male,American Indian or Alaska Native,26640,0.0019183099516505242
563,NJ,Northeast,Middle Atlantic,Female,White,4652799,0.33504169011747775
567,NJ,Northeast,Middle Atlantic,Male,Hispanic or Latino,655777,0.0472216045481804
583,NM,West,Mountain,Male,Asian American or Pacific Islander,27152,0.008375123612654235
581,NM,West,Mountain,Female,White,1023127,0.3155868848130557
580,NM,West,Mountain,Female,Multiracial,26831,0.008276110107952482
579,NM,West,Mountain,Female,Hispanic or Latino,379258,0.11698337621862182
578,NM,West,Mountain,Female,Black or African American,30855,0.009517326129509665
576,NM,West,Mountain,Female,American Indian or Alaska Native,157123,0.048465105605151416
1016,NM,West,Mountain,Total,Total,3241982,1.0
1015,NM,West,Mountain,Male,Total,1590446,0.49057829438904965
1014,NM,West,Mountain,Female,Total,1651536,0.5094217056109503
584,NM,West,Mountain,Male,Black or African American,41402,0.012770582933526467
577,NM,West,Mountain,Female,Asian American or Pacific Islander,34342,0.010592902736659242
585,NM,West,Mountain,Male,Hispanic or Latino,366368,0.11300741336626792
582,NM,West,Mountain,Male,American Indian or Alaska Native,141436,0.04362639891276386
587,NM,West,Mountain,Male,White,987845,0.3047040359878617
593,NM,West,Mountain,Total,White,2010972,0.6202909208009174
592,NM,West,Mountain,Total,Multiracial,53074,0.016370849683927918
591,NM,West,Mountain,Total,Hispanic or Latino,745626,0.22999078958488975
586,NM,West,Mountain,Male,Multiracial,26243,0.008094739575975438
589,NM,West,Mountain,Total,Asian American or Pacific Islander,61494,0.018968026349313476
588,NM,West,Mountain,Total,American Indian or Alaska Native,298559,0.09209150451791527
590,NM,West,Mountain,Total,Black or African American,72257,0.02228790906303613
1019,NV,West,Mountain,Total,Total,4775034,1.0
604,NV,West,Mountain,Male,Multiracial,68047,0.014250579158179816
1017,NV,West,Mountain,Female,Total,2393472,0.5012471115388917
608,NV,West,Mountain,Total,Black or African American,446764,0.09356247515724496
609,NV,West,Mountain,Total,Hispanic or Latino,615517,0.12890316592510126
610,NV,West,Mountain,Total,Multiracial,141751,0.02968586192265856
611,NV,West,Mountain,Total,White,3037023,0.6360212304247467
605,NV,West,Mountain,Male,White,1544955,0.3235484815396079
1018,NV,West,Mountain,Male,Total,2381562,0.4987528884611083
602,NV,West,Mountain,Male,Black or African American,218502,0.045759255326768354
601,NV,West,Mountain,Male,Asian American or Pacific Islander,209839,0.04394502740713469
600,NV,West,Mountain,Male,American Indian or Alaska Native,29069,0.006087705344087603
599,NV,West,Mountain,Female,White,1492068,0.3124727488851388
598,NV,West,Mountain,Female,Multiracial,73704,0.015435282764478746
597,NV,West,Mountain,Female,Hispanic or Latino,304367,0.06374132623977127
596,NV,West,Mountain,Female,Black or African American,228262,0.0478032198304766
595,NV,West,Mountain,Female,Asian American or Pacific Islander,265090,0.05551583507049374
594,NV,West,Mountain,Female,American Indian or Alaska Native,29981,0.006278698748532471
606,NV,West,Mountain,Total,American Indian or Alaska Native,59050,0.012366404092620074
603,NV,West,Mountain,Male,Hispanic or Latino,311150,0.06516183968532999
607,NV,West,Mountain,Total,Asian American or Pacific Islander,474929,0.09946086247762843
612,NY,Northeast,Middle Atlantic,Female,American Indian or Alaska Native,96352,0.0031231884424394217
1020,NY,Northeast,Middle Atlantic,Female,Total,16074836,0.5210555256695154
1021,NY,Northeast,Middle Atlantic,Male,Total,14775688,0.47894447433048465
1022,NY,Northeast,Middle Atlantic,Total,Total,30850524,1.0
613,NY,Northeast,Middle Atlantic,Female,Asian American or Pacific Islander,1510651,0.04896678578295785
625,NY,Northeast,Middle Atlantic,Total,Asian American or Pacific Islander,2837740,0.09198352676278691
614,NY,Northeast,Middle Atlantic,Female,Black or African American,2643717,0.08569439533668861
615,NY,Northeast,Middle Atlantic,Female,Hispanic or Latino,1409022,0.0456725467612803
617,NY,Northeast,Middle Atlantic,Female,White,10143714,0.3288020002512761
618,NY,Northeast,Middle Atlantic,Male,American Indian or Alaska Native,94681,0.003069024046398693
619,NY,Northeast,Middle Atlantic,Male,Asian American or Pacific Islander,1327089,0.04301674097982906
620,NY,Northeast,Middle Atlantic,Male,Black or African American,2217837,0.07188976757736756
621,NY,Northeast,Middle Atlantic,Male,Hispanic or Latino,1335176,0.043278875911475605
616,NY,Northeast,Middle Atlantic,Female,Multiracial,271380,0.008796609094873073
623,NY,Northeast,Middle Atlantic,Male,White,9561822,0.3099403433147521
622,NY,Northeast,Middle Atlantic,Male,Multiracial,239083,0.007749722500661577
628,NY,Northeast,Middle Atlantic,Total,Multiracial,510463,0.01654633159553465
627,NY,Northeast,Middle Atlantic,Total,Hispanic or Latino,2744198,0.0889514226727559
629,NY,Northeast,Middle Atlantic,Total,White,19705536,0.6387423435660282
626,NY,Northeast,Middle Atlantic,Total,Black or African American,4861554,0.15758416291405616
624,NY,Northeast,Middle Atlantic,Total,American Indian or Alaska Native,191033,0.006192212488838115
631,OH,Midwest,East North Central,Female,Asian American or Pacific Islander,237911,0.013056134612347316
632,OH,Midwest,East North Central,Female,Black or African American,1172946,0.06436920053723592
634,OH,Midwest,East North Central,Female,Multiracial,139505,0.007655787496565995
635,OH,Midwest,East North Central,Female,White,7676005,0.4212455689945024
636,OH,Midwest,East North Central,Male,American Indian or Alaska Native,22632,0.001242004104672102
637,OH,Midwest,East North Central,Male,Asian American or Pacific Islander,220225,0.01208555823397904
638,OH,Midwest,East North Central,Male,Black or African American,1037322,0.056926395451867895
639,OH,Midwest,East North Central,Male,Hispanic or Latino,155828,0.0085515648472448
640,OH,Midwest,East North Central,Male,Multiracial,130113,0.007140371159031513
641,OH,Midwest,East North Central,Male,White,7260100,0.3984214386854864
633,OH,Midwest,East North Central,Female,Hispanic or Latino,147466,0.008092673086761055
642,OH,Midwest,East North Central,Total,American Indian or Alaska Native,44741,0.0024553068949776653
644,OH,Midwest,East North Central,Total,Black or African American,2210268,0.12129559598910382
1023,OH,Midwest,East North Central,Female,Total,9395942,0.5156326675177183
1024,OH,Midwest,East North Central,Male,Total,8826220,0.48436733248228175
1025,OH,Midwest,East North Central,Total,Total,18222162,1.0
643,OH,Midwest,East North Central,Total,Asian American or Pacific Islander,458136,0.025141692846326356
630,OH,Midwest,East North Central,Female,American Indian or Alaska Native,22109,0.001213302790305563
645,OH,Midwest,East North Central,Total,Hispanic or Latino,303294,0.016644237934005855
646,OH,Midwest,East North Central,Total,Multiracial,269618,0.014796158655597509
647,OH,Midwest,East North Central,Total,White,14936105,0.8196670076799888
650,OK,South,West South Central,Female,Black or African American,223494,0.037190326062249125
665,OK,South,West South Central,Total,White,4363298,0.7260708355784025
664,OK,South,West South Central,Total,Multiracial,276671,0.046039198823988686
663,OK,South,West South Central,Total,Hispanic or Latino,269975,0.04492495672660433
662,OK,South,West South Central,Total,Black or African American,446007,0.07421740966668253
661,OK,South,West South Central,Total,Asian American or Pacific Islander,156216,0.02599498857302795
660,OK,South,West South Central,Total,American Indian or Alaska Native,497299,0.08275261063129404
659,OK,South,West South Central,Male,White,2134217,0.35514253679112257
658,OK,South,West South Central,Male,Multiracial,132132,0.021987311351790658
648,OK,South,West South Central,Female,American Indian or Alaska Native,255704,0.042550203295933446
655,OK,South,West South Central,Male,Asian American or Pacific Islander,73693,0.012262820024275036
654,OK,South,West South Central,Male,American Indian or Alaska Native,241595,0.04020240733536058
653,OK,South,West South Central,Female,White,2229081,0.37092829878727995
652,OK,South,West South Central,Female,Multiracial,144539,0.024051887472198028
651,OK,South,West South Central,Female,Hispanic or Latino,127075,0.021145805633978127
649,OK,South,West South Central,Female,Asian American or Pacific Islander,82523,0.013732168548752918
656,OK,South,West South Central,Male,Black or African American,222513,0.03702708360443341
657,OK,South,West South Central,Male,Hispanic or Latino,142900,0.0237791510926262
1026,OK,South,West South Central,Female,Total,3062416,0.5095986898003916
1027,OK,South,West South Central,Male,Total,2947050,0.4904013101996084
1028,OK,South,West South Central,Total,Total,6009466,1.0
676,OR,West,Pacific,Male,Multiracial,92123,0.013744880526979343
671,OR,West,Pacific,Female,White,2833565,0.42277186360008057
670,OR,West,Pacific,Female,Multiracial,97266,0.014512223324654785
669,OR,West,Pacific,Female,Hispanic or Latino,179141,0.02672808790946459
668,OR,West,Pacific,Female,Black or African American,58892,0.00878676881989153
667,OR,West,Pacific,Female,Asian American or Pacific Islander,193520,0.028873454833006334
666,OR,West,Pacific,Female,American Indian or Alaska Native,46144,0.006884749378949175
1029,OR,West,Pacific,Female,Total,3408528,0.508557147866047
1030,OR,West,Pacific,Male,Total,3293822,0.491442852133953
1031,OR,West,Pacific,Total,Total,6702350,1.0
674,OR,West,Pacific,Male,Black or African American,72702,0.01084724014711258
672,OR,West,Pacific,Male,American Indian or Alaska Native,46763,0.006977105045245325
675,OR,West,Pacific,Male,Hispanic or Latino,194224,0.02897849261826076
673,OR,West,Pacific,Male,Asian American or Pacific Islander,164649,0.024565861227778315
677,OR,West,Pacific,Male,White,2723361,0.4063292725685767
678,OR,West,Pacific,Total,American Indian or Alaska Native,92907,0.013861854424194499
679,OR,West,Pacific,Total,Asian American or Pacific Islander,358169,0.05343931606078465
680,OR,West,Pacific,Total,Black or African American,131594,0.01963400896700411
681,OR,West,Pacific,Total,Hispanic or Latino,373365,0.05570658052772535
682,OR,West,Pacific,Total,Multiracial,189389,0.02825710385163413
683,OR,West,Pacific,Total,White,5556926,0.8291011361686572
692,PA,Northeast,Middle Atlantic,Male,Black or African American,1036382,0.050966050630959256
701,PA,Northeast,Middle Atlantic,Total,White,16420435,0.8075060369558478
684,PA,Northeast,Middle Atlantic,Female,American Indian or Alaska Native,25294,0.0012438804269656201
685,PA,Northeast,Middle Atlantic,Female,Asian American or Pacific Islander,395883,0.019468297425019
686,PA,Northeast,Middle Atlantic,Female,Black or African American,1152776,0.056689946353906846
687,PA,Northeast,Middle Atlantic,Female,Hispanic or Latino,328156,0.016137693737302526
688,PA,Northeast,Middle Atlantic,Female,Multiracial,133635,0.0065717546002036316
1032,PA,Northeast,Middle Atlantic,Female,Total,10482656,0.5155044920144588
689,PA,Northeast,Middle Atlantic,Female,White,8446912,0.41539291947106116
1033,PA,Northeast,Middle Atlantic,Male,Total,9852096,0.4844955079855412
1034,PA,Northeast,Middle Atlantic,Total,Total,20334752,1.0
698,PA,Northeast,Middle Atlantic,Total,Black or African American,2189158,0.10765599698486611
697,PA,Northeast,Middle Atlantic,Total,Asian American or Pacific Islander,755260,0.03714134305645823
690,PA,Northeast,Middle Atlantic,Male,American Indian or Alaska Native,25400,0.0012490931780235136
695,PA,Northeast,Middle Atlantic,Male,White,7973523,0.3921131174847866
694,PA,Northeast,Middle Atlantic,Male,Multiracial,121813,0.0059903853265582
693,PA,Northeast,Middle Atlantic,Male,Hispanic or Latino,335601,0.01650381573377438
691,PA,Northeast,Middle Atlantic,Male,Asian American or Pacific Islander,359377,0.017673045631439222
696,PA,Northeast,Middle Atlantic,Total,American Indian or Alaska Native,50694,0.0024929736049891338
699,PA,Northeast,Middle Atlantic,Total,Hispanic or Latino,663757,0.032641509471076906
700,PA,Northeast,Middle Atlantic,Total,Multiracial,255448,0.01256213992676183
717,RI,Northeast,New England,Total,Hispanic or Latino,118415,0.06925939270014247
1037,RI,Northeast,New England,Total,Total,1709732,1.0
1036,RI,Northeast,New England,Male,Total,822084,0.48082623475492065
1035,RI,Northeast,New England,Female,Total,887648,0.5191737652450793
715,RI,Northeast,New England,Total,Asian American or Pacific Islander,63855,0.03734795862743401
714,RI,Northeast,New England,Total,American Indian or Alaska Native,10963,0.006412116050936638
713,RI,Northeast,New England,Male,White,655162,0.38319572892125786
712,RI,Northeast,New England,Male,Multiracial,14651,0.008569179263182769
718,RI,Northeast,New England,Total,Multiracial,30614,0.01790573025480017
711,RI,Northeast,New England,Male,Hispanic or Latino,59045,0.03453465221449911
709,RI,Northeast,New England,Male,Asian American or Pacific Islander,30136,0.017626154274471086
708,RI,Northeast,New England,Male,American Indian or Alaska Native,5349,0.0031285604995402788
707,RI,Northeast,New England,Female,White,714637,0.4179818825406555
706,RI,Northeast,New England,Female,Multiracial,15963,0.0093365509916174
705,RI,Northeast,New England,Female,Hispanic or Latino,59370,0.03472474048564336
704,RI,Northeast,New England,Female,Black or African American,58345,0.03412523132280381
703,RI,Northeast,New England,Female,Asian American or Pacific Islander,33719,0.019721804352962922
702,RI,Northeast,New England,Female,American Indian or Alaska Native,5614,0.003283555551396359
710,RI,Northeast,New England,Male,Black or African American,57741,0.033771959581969574
716,RI,Northeast,New England,Total,Black or African American,116086,0.06789719090477338
719,RI,Northeast,New England,Total,White,1369799,0.8011776114619134
734,SC,South,South Atlantic,Total,Black or African American,2085807,0.2583022891960458
720,SC,South,South Atlantic,Female,American Indian or Alaska Native,17940,0.0022216547687188034
721,SC,South,South Atlantic,Female,Asian American or Pacific Islander,81092,0.010042275836396055
722,SC,South,South Atlantic,Female,Black or African American,1138391,0.14097613120493688
723,SC,South,South Atlantic,Female,Hispanic or Latino,91455,0.011325609636186075
724,SC,South,South Atlantic,Female,Multiracial,50522,0.006256546389365184
735,SC,South,South Atlantic,Total,Hispanic or Latino,197792,0.02449417725832941
726,SC,South,South Atlantic,Male,American Indian or Alaska Native,18451,0.002284936016590337
727,SC,South,South Atlantic,Male,Asian American or Pacific Islander,70572,0.008739499461428284
728,SC,South,South Atlantic,Male,Black or African American,947416,0.11732615799110892
729,SC,South,South Atlantic,Male,Hispanic or Latino,106337,0.013168567622143334
730,SC,South,South Atlantic,Male,Multiracial,45396,0.005621752501714538
731,SC,South,South Atlantic,Male,White,2667814,0.33037690608443626
725,SC,South,South Atlantic,Female,White,2839676,0.35165996248697534
1038,SC,South,South Atlantic,Female,Total,4219076,0.5224821803225783
736,SC,South,South Atlantic,Total,Multiracial,95918,0.011878298891079721
1039,SC,South,South Atlantic,Male,Total,3855986,0.4775178196774217
1040,SC,South,South Atlantic,Total,Total,8075062,1.0
737,SC,South,South Atlantic,Total,White,5507490,0.6820368685714115
733,SC,South,South Atlantic,Total,Asian American or Pacific Islander,151664,0.01878177529782434
732,SC,South,South Atlantic,Total,American Indian or Alaska Native,36391,0.004506590785309141
755,SD,Midwest,West North Central,Total,White,1151383,0.8623842422680875
754,SD,Midwest,West North Central,Total,Multiracial,20157,0.015097564556188376
753,SD,Midwest,West North Central,Total,Hispanic or Latino,21850,0.016365619167173488
752,SD,Midwest,West North Central,Total,Black or African American,26689,0.01999002333879603
751,SD,Midwest,West North Central,Total,Asian American or Pacific Islander,21288,0.015944681960219188
750,SD,Midwest,West North Central,Total,American Indian or Alaska Native,93749,0.07021786870953535
749,SD,Midwest,West North Central,Male,White,576363,0.4316950736864812
748,SD,Midwest,West North Central,Male,Multiracial,9842,0.007371644111822493
747,SD,Midwest,West North Central,Male,Hispanic or Latino,12325,0.009231407608028066
741,SD,Midwest,West North Central,Female,Hispanic or Latino,9525,0.007134211559145422
745,SD,Midwest,West North Central,Male,Asian American or Pacific Islander,10076,0.007546909781621971
743,SD,Midwest,West North Central,Female,White,575020,0.4306891685816064
742,SD,Midwest,West North Central,Female,Multiracial,10315,0.0077259204443658825
1043,SD,Midwest,West North Central,Total,Total,1335116,1.0
1042,SD,Midwest,West North Central,Male,Total,670792,0.5024222614364594
1041,SD,Midwest,West North Central,Female,Total,664324,0.49757773856354054
738,SD,Midwest,West North Central,Female,American Indian or Alaska Native,48169,0.03607851302808145
739,SD,Midwest,West North Central,Female,Asian American or Pacific Islander,11212,0.008397772178597215
740,SD,Midwest,West North Central,Female,Black or African American,10083,0.0075521527717441785
746,SD,Midwest,West North Central,Male,Black or African American,16606,0.012437870567051852
744,SD,Midwest,West North Central,Male,American Indian or Alaska Native,45580,0.034139355681453896
1044,TN,South,East South Central,Female,Total,5514834,0.5183969237034
1046,TN,South,East South Central,Total,Total,10638246,1.0
772,TN,South,East South Central,Total,Multiracial,134294,0.01262369755314927
771,TN,South,East South Central,Total,Hispanic or Latino,237573,0.022331970890690063
770,TN,South,East South Central,Total,Black or African American,1724219,0.16207737628928678
769,TN,South,East South Central,Total,Asian American or Pacific Islander,212527,0.019977635410950264
768,TN,South,East South Central,Total,American Indian or Alaska Native,40217,0.003780416433310529
767,TN,South,East South Central,Male,White,4016111,0.3775162747693558
766,TN,South,East South Central,Male,Multiracial,64473,0.006060491550956802
765,TN,South,East South Central,Male,Hispanic or Latino,126715,0.011911268079343154
773,TN,South,East South Central,Total,White,8289416,0.7792089034226131
763,TN,South,East South Central,Male,Asian American or Pacific Islander,99715,0.009373255703994813
764,TN,South,East South Central,Male,Black or African American,795481,0.07477557860572129
756,TN,South,East South Central,Female,American Indian or Alaska Native,19300,0.0018142088460823334
757,TN,South,East South Central,Female,Asian American or Pacific Islander,112812,0.010604379706955451
758,TN,South,East South Central,Female,Black or African American,928738,0.08730179768356551
1045,TN,South,East South Central,Male,Total,5123412,0.48160307629660004
760,TN,South,East South Central,Female,Multiracial,69821,0.006563206002192467
761,TN,South,East South Central,Female,White,4273305,0.40169262865325733
762,TN,South,East South Central,Male,American Indian or Alaska Native,20917,0.0019662075872281955
759,TN,South,East South Central,Female,Hispanic or Latino,110858,0.010420702811346908
789,TX,South,West South Central,Total,Hispanic or Latino,7865332,0.182100994203992
788,TX,South,West South Central,Total,Black or African American,5396039,0.12493103490908138
787,TX,South,West South Central,Total,Asian American or Pacific Islander,2357240,0.05457566795367546
786,TX,South,West South Central,Total,American Indian or Alaska Native,298072,0.006901070106687461
785,TX,South,West South Central,Male,White,13197676,0.30555733957348075
784,TX,South,West South Central,Male,Multiracial,274543,0.006356318239553852
783,TX,South,West South Central,Male,Hispanic or Latino,3936537,0.09114011988569587
781,TX,South,West South Central,Male,Asian American or Pacific Islander,1130831,0.02618140586776178
780,TX,South,West South Central,Male,American Indian or Alaska Native,151878,0.003516334059098065
779,TX,South,West South Central,Female,White,13512970,0.3128571396158125
777,TX,South,West South Central,Female,Hispanic or Latino,3928795,0.09096087431829614
776,TX,South,West South Central,Female,Black or African American,2828358,0.06548316126576913
775,TX,South,West South Central,Female,Asian American or Pacific Islander,1226409,0.028394262085913682
774,TX,South,West South Central,Female,American Indian or Alaska Native,146194,0.003384736047589397
791,TX,South,West South Central,Total,White,26710646,0.6184144791892933
782,TX,South,West South Central,Male,Black or African American,2567681,0.05944787364331225
778,TX,South,West South Central,Female,Multiracial,290270,0.006720435397716557
790,TX,South,West South Central,Total,Multiracial,564813,0.013076753637270408
1047,TX,South,West South Central,Female,Total,21932996,0.5078006087310974
1048,TX,South,West South Central,Male,Total,21259146,0.49219939126890255
1049,TX,South,West South Central,Total,Total,43192142,1.0
802,UT,West,Mountain,Male,Multiracial,39578,0.008699325735215894
1050,UT,West,Mountain,Female,Total,2276140,0.5003002496072138
1051,UT,West,Mountain,Male,Total,2273408,0.49969975039278625
1052,UT,West,Mountain,Total,Total,4549548,1.0
803,UT,West,Mountain,Male,White,1935997,0.4255361191925
809,UT,West,Mountain,Total,White,3885644,0.8540725364365866
808,UT,West,Mountain,Total,Multiracial,79018,0.01736831878683333
807,UT,West,Mountain,Total,Hispanic or Latino,294232,0.06467279826479466
806,UT,West,Mountain,Total,Black or African American,58357,0.012826988527211935
798,UT,West,Mountain,Male,American Indian or Alaska Native,27025,0.00594015053803147
792,UT,West,Mountain,Female,American Indian or Alaska Native,27611,0.006068954542297389
795,UT,West,Mountain,Female,Hispanic or Latino,143110,0.031455872099821786
797,UT,West,Mountain,Female,White,1949647,0.42853641724408664
804,UT,West,Mountain,Total,American Indian or Alaska Native,54636,0.012009105080328859
799,UT,West,Mountain,Male,Asian American or Pacific Islander,84472,0.018567119195137628
796,UT,West,Mountain,Female,Multiracial,39440,0.008668993051617436
801,UT,West,Mountain,Male,Hispanic or Latino,151122,0.03321692616497287
794,UT,West,Mountain,Female,Black or African American,23143,0.005086878960283527
793,UT,West,Mountain,Female,Asian American or Pacific Islander,93189,0.020483133709106927
800,UT,West,Mountain,Male,Black or African American,35214,0.007740109566928407
805,UT,West,Mountain,Total,Asian American or Pacific Islander,177661,0.039050252904244555
825,VA,South,South Atlantic,Total,Hispanic or Latino,565266,0.04234410954487495
1053,VA,South,South Atlantic,Female,Total,6850504,0.5131716604458857
1054,VA,South,South Atlantic,Male,Total,6498838,0.48682833955411436
1055,VA,South,South Atlantic,Total,Total,13349342,1.0
827,VA,South,South Atlantic,Total,White,8956674,0.6709449799098712
826,VA,South,South Atlantic,Total,Multiracial,269429,0.02018294235026715
824,VA,South,South Atlantic,Total,Black or African American,2567642,0.19234221432037624
822,VA,South,South Atlantic,Total,American Indian or Alaska Native,55001,0.004120128168114953
810,VA,South,South Atlantic,Female,American Indian or Alaska Native,26388,0.0019767266431558947
811,VA,South,South Atlantic,Female,Asian American or Pacific Islander,500453,0.037488963875522856
812,VA,South,South Atlantic,Female,Black or African American,1354628,0.10147526372460905
813,VA,South,South Atlantic,Female,Hispanic or Latino,273984,0.020524157670093402
814,VA,South,South Atlantic,Female,Multiracial,139304,0.010435270892003516
815,VA,South,South Atlantic,Female,White,4555747,0.3412712776405009
823,VA,South,South Atlantic,Total,Asian American or Pacific Islander,935330,0.0700656257064955
816,VA,South,South Atlantic,Male,American Indian or Alaska Native,28613,0.002143401524959058
819,VA,South,South Atlantic,Male,Hispanic or Latino,291282,0.021819951874781543
820,VA,South,South Atlantic,Male,Multiracial,130125,0.009747671458263637
821,VA,South,South Atlantic,Male,White,4400927,0.32967370226937026
818,VA,South,South Atlantic,Male,Black or African American,1213014,0.09086695059576719
817,VA,South,South Atlantic,Male,Asian American or Pacific Islander,434877,0.032576661830972645
1056,VT,Northeast,New England,Female,Total,520854,0.5106571970885361
1057,VT,Northeast,New England,Male,Total,499114,0.48934280291146387
1058,VT,Northeast,New England,Total,Total,1019968,1.0
841,VT,Northeast,New England,Total,Asian American or Pacific Islander,19317,0.01893882945347305
836,VT,Northeast,New England,Male,Black or African American,7338,0.007194343351948297
833,VT,Northeast,New England,Female,White,490715,0.48110823084645793
832,VT,Northeast,New England,Female,Multiracial,7606,0.007457096693229592
831,VT,Northeast,New England,Female,Hispanic or Latino,4708,0.004615831084896781
830,VT,Northeast,New England,Female,Black or African American,5114,0.005013882788479638
834,VT,Northeast,New England,Male,American Indian or Alaska Native,1915,0.0018775098826629855
828,VT,Northeast,New England,Female,American Indian or Alaska Native,1865,0.0018284887369015498
835,VT,Northeast,New England,Male,Asian American or Pacific Islander,8471,0.008305162514902428
829,VT,Northeast,New England,Female,Asian American or Pacific Islander,10846,0.010633666938570622
845,VT,Northeast,New England,Total,White,960138,0.9413412969818661
844,VT,Northeast,New England,Total,Multiracial,14828,0.014537710987011357
843,VT,Northeast,New England,Total,Hispanic or Latino,9453,0.009267937817657024
842,VT,Northeast,New England,Total,Black or African American,12452,0.012208226140427936
840,VT,Northeast,New England,Total,American Indian or Alaska Native,3780,0.0037059986195645354
839,VT,Northeast,New England,Male,White,469423,0.46023306613540815
838,VT,Northeast,New England,Male,Multiracial,7222,0.007080614293781766
837,VT,Northeast,New England,Male,Hispanic or Latino,4745,0.004652106732760244
856,WA,West,Pacific,Male,Multiracial,193335,0.016241637868810815
857,WA,West,Pacific,Male,White,4463832,0.3749964716746037
858,WA,West,Pacific,Total,American Indian or Alaska Native,173369,0.014564339181616686
862,WA,West,Pacific,Total,Multiracial,394305,0.03312467489001706
860,WA,West,Pacific,Total,Black or African American,477381,0.04010370252386156
861,WA,West,Pacific,Total,Hispanic or Latino,633528,0.053221260277507836
863,WA,West,Pacific,Total,White,8970604,0.7536002360281675
859,WA,West,Pacific,Total,Asian American or Pacific Islander,1254477,0.1053857870988294
855,WA,West,Pacific,Male,Hispanic or Latino,328743,0.027616958946421875
851,WA,West,Pacific,Female,White,4506772,0.37860376435356374
853,WA,West,Pacific,Male,Asian American or Pacific Islander,586471,0.04926810770196471
1061,WA,West,Pacific,Total,Total,11903664,1.0
1060,WA,West,Pacific,Male,Total,5922078,0.49750043347997724
854,WA,West,Pacific,Male,Black or African American,263419,0.022129236846738953
846,WA,West,Pacific,Female,American Indian or Alaska Native,87091,0.0073163187401794946
847,WA,West,Pacific,Female,Asian American or Pacific Islander,668006,0.0561176793968647
1059,WA,West,Pacific,Female,Total,5981586,0.5024995665200227
849,WA,West,Pacific,Female,Hispanic or Latino,304785,0.025604301331085957
850,WA,West,Pacific,Female,Multiracial,200970,0.016883037021206245
852,WA,West,Pacific,Male,American Indian or Alaska Native,86278,0.0072480204414371915
848,WA,West,Pacific,Female,Black or African American,213962,0.017974465677122606
864,WI,Midwest,East North Central,Female,American Indian or Alaska Native,42757,0.004692551555290499
865,WI,Midwest,East North Central,Female,Asian American or Pacific Islander,133063,0.01460357339386813
866,WI,Midwest,East North Central,Female,Black or African American,274821,0.030161417100743507
870,WI,Midwest,East North Central,Male,American Indian or Alaska Native,42194,0.004630762689709926
868,WI,Midwest,East North Central,Female,Multiracial,55414,0.006081648663022843
869,WI,Midwest,East North Central,Female,White,3981417,0.4369577972170646
871,WI,Midwest,East North Central,Male,Asian American or Pacific Islander,125321,0.013753894180147358
867,WI,Midwest,East North Central,Female,Hispanic or Latino,125078,0.013727225096069065
873,WI,Midwest,East North Central,Male,Hispanic or Latino,134472,0.014758210181795354
1064,WI,Midwest,East North Central,Total,Total,9111674,1.0
1063,WI,Midwest,East North Central,Male,Total,4499124,0.49377578697394137
1062,WI,Midwest,East North Central,Female,Total,4612550,0.5062242130260587
872,WI,Midwest,East North Central,Male,Black or African American,257609,0.028272411853189655
881,WI,Midwest,East North Central,Total,White,7868044,0.863512456657251
877,WI,Midwest,East North Central,Total,Asian American or Pacific Islander,258384,0.02835746757401549
879,WI,Midwest,East North Central,Total,Hispanic or Latino,259550,0.02848543527786442
874,WI,Midwest,East North Central,Male,Multiracial,52901,0.005805848628912755
875,WI,Midwest,East North Central,Male,White,3886627,0.4265546594401863
876,WI,Midwest,East North Central,Total,American Indian or Alaska Native,84951,0.009323314245000425
878,WI,Midwest,East North Central,Total,Black or African American,532430,0.05843382895393316
880,WI,Midwest,East North Central,Total,Multiracial,108315,0.011887497291935598
1067,WV,South,South Atlantic,Total,Total,2865160,1.0
1066,WV,South,South Atlantic,Male,Total,1406578,0.4909247651091039
1065,WV,South,South Atlantic,Female,Total,1458582,0.5090752348908961
899,WV,South,South Atlantic,Total,White,2678508,0.9348545979980175
898,WV,South,South Atlantic,Total,Multiracial,33062,0.011539320666210613
897,WV,South,South Atlantic,Total,Hispanic or Latino,21111,0.007368174901227156
896,WV,South,South Atlantic,Total,Black or African American,100744,0.03516173616831172
895,WV,South,South Atlantic,Total,Asian American or Pacific Islander,24697,0.008619762945175836
894,WV,South,South Atlantic,Total,American Indian or Alaska Native,7038,0.002456407321057114
892,WV,South,South Atlantic,Male,Multiracial,16432,0.005735107288947214
890,WV,South,South Atlantic,Male,Black or African American,55526,0.019379720504265032
889,WV,South,South Atlantic,Male,Asian American or Pacific Islander,11420,0.003985815800862779
888,WV,South,South Atlantic,Male,American Indian or Alaska Native,3755,0.0013105725334710801
887,WV,South,South Atlantic,Female,White,1370534,0.47834466487037375
886,WV,South,South Atlantic,Female,Multiracial,16630,0.005804213377263399
885,WV,South,South Atlantic,Female,Hispanic or Latino,9640,0.003364559047313239
884,WV,South,South Atlantic,Female,Black or African American,45218,0.015782015664046686
883,WV,South,South Atlantic,Female,Asian American or Pacific Islander,13277,0.004633947144313057
882,WV,South,South Atlantic,Female,American Indian or Alaska Native,3283,0.0011458347875860336
893,WV,South,South Atlantic,Male,White,1307974,0.4565099331276438
891,WV,South,South Atlantic,Male,Hispanic or Latino,11471,0.004003615853913917
1068,WY,West,Mountain,Female,Total,438474,0.4926397393404865
916,WY,West,Mountain,Total,Multiracial,13177,0.014804786247963598
1069,WY,West,Mountain,Male,Total,451576,0.5073602606595136
915,WY,West,Mountain,Total,Hispanic or Latino,38580,0.043345879444975
914,WY,West,Mountain,Total,Black or African American,10542,0.011844278411325206
913,WY,West,Mountain,Total,Asian American or Pacific Islander,11246,0.012635245210943205
912,WY,West,Mountain,Total,American Indian or Alaska Native,18680,0.020987584967136676
911,WY,West,Mountain,Male,White,404068,0.4539834840739284
910,WY,West,Mountain,Male,Multiracial,6540,0.007347901803269479
909,WY,West,Mountain,Male,Hispanic or Latino,20370,0.022886354699174202
917,WY,West,Mountain,Total,White,797825,0.8963822257176564
908,WY,West,Mountain,Male,Black or African American,6450,0.0072467838885455875
906,WY,West,Mountain,Male,American Indian or Alaska Native,9293,0.01044098646143475
905,WY,West,Mountain,Female,White,393757,0.4423987416437279
904,WY,West,Mountain,Female,Multiracial,6637,0.007456884444694118
903,WY,West,Mountain,Female,Hispanic or Latino,18210,0.0204595247458008
902,WY,West,Mountain,Female,Black or African American,4092,0.004597494522779619
901,WY,West,Mountain,Female,Asian American or Pacific Islander,6391,0.0071804954777821475
900,WY,West,Mountain,Female,American Indian or Alaska Native,9387,0.010546598505701927
907,WY,West,Mountain,Male,Asian American or Pacific Islander,4855,0.005454749733161058
1070,WY,West,Mountain,Total,Total,890050,1.0
