,state,region,division,sex,race,pop_count,percentstate_pop,elof_count,percentstate_elof
0,AK,West,Pacific,Female,American Indian or Alaska Native,75564,6.850000543909841,0.0,0.0
1,AK,West,Pacific,Total,Total,1103124,100.0,0.0,0.0
2,AK,West,Pacific,Male,Total,578074,52.40335628632864,0.0,0.0
3,AK,West,Pacific,Total,White,731440,66.30623574502957,0.0,0.0
4,AK,West,Pacific,Total,Multiracial,57411,5.204401318437457,0.0,0.0
5,AK,West,Pacific,Total,Hispanic or Latino,35351,3.2046261345052782,0.0,0.0
6,AK,West,Pacific,Total,Black or African American,39397,3.5714026709599276,0.0,0.0
7,AK,West,Pacific,Total,Asian American or Pacific Islander,88100,7.986409506093603,0.0,0.0
8,AK,West,Pacific,Total,American Indian or Alaska Native,151425,13.726924624974165,0.0,0.0
9,AK,West,Pacific,Male,White,390200,35.37227002585385,0.0,0.0
10,AK,West,Pacific,Female,Total,525050,47.59664371367136,0.0,0.0
11,AK,West,Pacific,Male,Hispanic or Latino,18983,1.7208400868805318,0.0,0.0
12,AK,West,Pacific,Female,Black or African American,16345,1.4817010598989777,0.0,0.0
13,AK,West,Pacific,Male,Multiracial,28735,2.6048748826061257,0.0,0.0
14,AK,West,Pacific,Female,Hispanic or Latino,16368,1.483786047624746,0.0,0.0
15,AK,West,Pacific,Female,Multiracial,28676,2.59952643583133,0.0,0.0
16,AK,West,Pacific,Female,Asian American or Pacific Islander,46857,4.247663907230737,0.0,0.0
17,AK,West,Pacific,Male,American Indian or Alaska Native,75861,6.876924081064323,0.0,0.0
18,AK,West,Pacific,Female,White,341240,30.93396571917572,0.0,0.0
19,AK,West,Pacific,Male,Black or African American,23052,2.08970161106095,0.0,0.0
20,AK,West,Pacific,Male,Asian American or Pacific Islander,41243,3.7387455988628666,0.0,0.0
21,AL,South,East South Central,Female,Hispanic or Latino,61837,0.8104713150797181,0.0,0.0
22,AL,South,East South Central,Female,American Indian or Alaska Native,25252,0.3309672469297191,0.0,0.0
23,AL,South,East South Central,Female,Total,3999134,52.4149520862916,3.0,30.0
24,AL,South,East South Central,Female,Asian American or Pacific Islander,63884,0.8373004753230705,0.0,0.0
25,AL,South,East South Central,Total,Total,7629758,100.0,10.0,100.0
26,AL,South,East South Central,Female,Black or African American,1086798,14.244200143700494,2.0,20.0
27,AL,South,East South Central,Male,Total,3630624,47.58504791370841,7.0,70.0
28,AL,South,East South Central,Total,White,5259757,68.93740273282586,3.0,30.0
29,AL,South,East South Central,Total,Hispanic or Latino,134040,1.756805392779168,0.0,0.0
30,AL,South,East South Central,Total,Black or African American,1978361,25.92953800107421,7.0,70.0
31,AL,South,East South Central,Total,Multiracial,88012,1.1535359312837972,0.0,0.0
32,AL,South,East South Central,Total,American Indian or Alaska Native,50283,0.6590379406529014,0.0,0.0
33,AL,South,East South Central,Male,White,2544435,33.34882967454538,2.0,20.0
34,AL,South,East South Central,Male,Multiracial,41971,0.5500960843056883,0.0,0.0
35,AL,South,East South Central,Male,Hispanic or Latino,72203,0.9463340776994501,0.0,0.0
36,AL,South,East South Central,Male,Black or African American,891563,11.685337857373721,5.0,50.0
37,AL,South,East South Central,Male,Asian American or Pacific Islander,55421,0.7263795260609838,0.0,0.0
38,AL,South,East South Central,Male,American Indian or Alaska Native,25031,0.3280706937231823,0.0,0.0
39,AL,South,East South Central,Total,Asian American or Pacific Islander,119305,1.5636800013840542,0.0,0.0
40,AL,South,East South Central,Female,Multiracial,46041,0.6034398469781086,0.0,0.0
41,AL,South,East South Central,Female,White,2715322,35.588573058280495,1.0,10.0
42,AR,South,West South Central,Total,Multiracial,67434,1.4547931977620425,0.0,0.0
43,AR,South,West South Central,Total,White,3600682,77.67962275564592,0.0,0.0
44,AR,South,West South Central,Female,Total,2389338,51.54658880615658,0.0,0.0
45,AR,South,West South Central,Male,Total,2245960,48.45341119384342,0.0,0.0
46,AR,South,West South Central,Total,Hispanic or Latino,147929,3.1913590021612417,0.0,0.0
47,AR,South,West South Central,Total,Total,4635298,100.0,0.0,0.0
48,AR,South,West South Central,Total,Black or African American,687745,14.837125897838716,0.0,0.0
49,AR,South,West South Central,Male,Black or African American,318872,6.879212512334698,0.0,0.0
50,AR,South,West South Central,Total,American Indian or Alaska Native,41132,0.8873647390092286,0.0,0.0
51,AR,South,West South Central,Female,American Indian or Alaska Native,20949,0.4519450529394228,0.0,0.0
52,AR,South,West South Central,Female,Asian American or Pacific Islander,46258,0.9979509408025117,0.0,0.0
53,AR,South,West South Central,Female,Black or African American,368873,7.957913385504018,0.0,0.0
54,AR,South,West South Central,Female,Hispanic or Latino,69896,1.5079073664735256,0.0,0.0
55,AR,South,West South Central,Female,Multiracial,34816,0.7511059698858628,0.0,0.0
56,AR,South,West South Central,Female,White,1848546,39.87976609055125,0.0,0.0
57,AR,South,West South Central,Total,Asian American or Pacific Islander,90376,1.9497344075828562,0.0,0.0
58,AR,South,West South Central,Male,American Indian or Alaska Native,20183,0.4354196860698061,0.0,0.0
59,AR,South,West South Central,Male,Asian American or Pacific Islander,44118,0.9517834667803451,0.0,0.0
60,AR,South,West South Central,Male,Hispanic or Latino,78033,1.6834516356877165,0.0,0.0
61,AR,South,West South Central,Male,Multiracial,32618,0.7036872278761797,0.0,0.0
62,AR,South,West South Central,Male,White,1752136,37.79985666509467,0.0,0.0
63,AZ,West,Mountain,Male,Total,5561612,49.31835364879299,33.0,64.70588235294117
64,AZ,West,Mountain,Total,Total,11276962,100.0,51.0,100.0
65,AZ,West,Mountain,Total,Multiracial,208066,1.8450536589553108,0.0,0.0
66,AZ,West,Mountain,Total,White,8046775,71.35587581123356,39.0,76.47058823529412
67,AZ,West,Mountain,Female,Total,5715350,50.681646351207,18.0,35.294117647058826
68,AZ,West,Mountain,Total,Hispanic or Latino,1581178,14.02131176818721,11.0,21.568627450980397
69,AZ,West,Mountain,Male,Multiracial,101355,0.8987792988927337,0.0,0.0
70,AZ,West,Mountain,Total,Asian American or Pacific Islander,445024,3.9463110720777452,1.0,1.9607843137254901
71,AZ,West,Mountain,Female,American Indian or Alaska Native,245081,2.17328922452696,0.0,0.0
72,AZ,West,Mountain,Female,Asian American or Pacific Islander,237678,2.1076421114126305,0.0,0.0
73,AZ,West,Mountain,Female,Black or African American,251705,2.2320284487967594,0.0,0.0
74,AZ,West,Mountain,Female,Hispanic or Latino,790952,7.013874836148247,4.0,7.8431372549019605
75,AZ,West,Mountain,Female,Multiracial,106711,0.9462743600625773,0.0,0.0
76,AZ,West,Mountain,Female,White,4083223,36.20853737025983,14.0,27.450980392156865
77,AZ,West,Mountain,Male,American Indian or Alaska Native,228782,2.028755616982659,0.0,0.0
78,AZ,West,Mountain,Male,Asian American or Pacific Islander,207346,1.8386689606651156,1.0,1.9607843137254901
79,AZ,West,Mountain,Male,Hispanic or Latino,790226,7.007436932038965,7.0,13.725490196078432
80,AZ,West,Mountain,Male,White,3963552,35.147338440973726,25.0,49.019607843137244
81,AZ,West,Mountain,Total,Black or African American,522056,4.6294028480365546,0.0,0.0
82,AZ,West,Mountain,Male,Black or African American,270351,2.3973743992397956,0.0,0.0
83,AZ,West,Mountain,Total,American Indian or Alaska Native,473863,4.20204484150962,0.0,0.0
84,CA,West,Pacific,Male,White,17037299,27.822737602205173,56.0,32.94117647058823
85,CA,West,Pacific,Female,American Indian or Alaska Native,308591,0.5039441063634614,0.0,0.0
86,CA,West,Pacific,Total,Total,61235164,100.0,170.0,100.0
87,CA,West,Pacific,Male,Total,30198162,49.31506674824942,117.0,68.82352941176471
88,CA,West,Pacific,Female,Total,31037002,50.68493325175057,53.0,31.17647058823529
89,CA,West,Pacific,Female,Asian American or Pacific Islander,5392901,8.806869530062825,8.0,4.705882352941177
90,CA,West,Pacific,Female,Black or African American,1905718,3.1121301479653094,5.0,2.9411764705882355
91,CA,West,Pacific,Male,Multiracial,791147,1.2919815157186483,3.0,1.764705882352941
92,CA,West,Pacific,Female,Multiracial,832115,1.3588842515388708,0.0,0.0
93,CA,West,Pacific,Female,Hispanic or Latino,5471797,8.93571053390173,14.0,8.235294117647058
94,CA,West,Pacific,Male,American Indian or Alaska Native,313486,0.5119378793531115,1.0,0.5882352941176472
95,CA,West,Pacific,Male,Asian American or Pacific Islander,4718735,7.705923674834936,13.0,7.647058823529412
96,CA,West,Pacific,Male,Black or African American,1861965,3.0406793717413736,14.0,8.235294117647058
97,CA,West,Pacific,Total,White,34163179,55.79013228412355,82.0,48.23529411764706
98,CA,West,Pacific,Male,Hispanic or Latino,5475530,8.941806704396187,30.0,17.647058823529413
99,CA,West,Pacific,Total,Hispanic or Latino,10947327,17.877517238297916,44.0,25.882352941176475
100,CA,West,Pacific,Total,Black or African American,3767683,6.1528095197066826,19.0,11.176470588235295
101,CA,West,Pacific,Total,Asian American or Pacific Islander,10111636,16.51279320489776,21.0,12.352941176470587
102,CA,West,Pacific,Total,American Indian or Alaska Native,622077,1.0158819857165728,1.0,0.5882352941176472
103,CA,West,Pacific,Female,White,17125880,27.967394681918385,26.0,15.294117647058824
104,CA,West,Pacific,Total,Multiracial,1623262,2.650865767257519,3.0,1.764705882352941
105,CO,West,Mountain,Female,Total,4483006,49.81984643105678,17.0,45.94594594594595
106,CO,West,Mountain,Male,Total,4515428,50.18015356894322,20.0,54.054054054054056
107,CO,West,Mountain,Total,Total,8998434,100.0,37.0,100.0
108,CO,West,Mountain,Total,Black or African American,376900,4.188506577922337,3.0,8.108108108108109
109,CO,West,Mountain,Male,White,3581832,39.80505941367131,16.0,43.24324324324325
110,CO,West,Mountain,Total,Multiracial,184306,2.048200831389106,1.0,2.702702702702703
111,CO,West,Mountain,Total,Hispanic or Latino,860759,9.565653312565276,8.0,21.621621621621625
112,CO,West,Mountain,Total,Asian American or Pacific Islander,328148,3.646723418763754,0.0,0.0
113,CO,West,Mountain,Total,American Indian or Alaska Native,97646,1.085144370676053,0.0,0.0
114,CO,West,Mountain,Male,Multiracial,90759,1.0086088312699744,0.0,0.0
115,CO,West,Mountain,Total,White,7150675,79.46577148868347,25.0,67.56756756756756
116,CO,West,Mountain,Male,Black or African American,205066,2.278907641040653,2.0,5.405405405405406
117,CO,West,Mountain,Male,Hispanic or Latino,437919,4.866613457408256,2.0,5.405405405405406
118,CO,West,Mountain,Male,American Indian or Alaska Native,49649,0.5517515603270524,0.0,0.0
119,CO,West,Mountain,Female,White,3568843,39.660712075012164,9.0,24.32432432432433
120,CO,West,Mountain,Female,Multiracial,93547,1.039592000119132,1.0,2.702702702702703
121,CO,West,Mountain,Female,Hispanic or Latino,422840,4.69903985515702,6.0,16.216216216216214
122,CO,West,Mountain,Female,Black or African American,171834,1.909598936881684,1.0,2.702702702702703
123,CO,West,Mountain,Female,Asian American or Pacific Islander,177945,1.9775107535377825,0.0,0.0
124,CO,West,Mountain,Female,American Indian or Alaska Native,47997,0.5333928103490008,0.0,0.0
125,CO,West,Mountain,Male,Asian American or Pacific Islander,150203,1.6692126652259716,0.0,0.0
126,CT,Northeast,New England,Female,Total,2939364,51.78862708243256,0.0,0.0
127,CT,Northeast,New England,Male,Total,2736330,48.21137291756744,0.0,0.0
128,CT,Northeast,New England,Total,Total,5675694,100.0,0.0,0.0
129,CT,Northeast,New England,Female,American Indian or Alaska Native,10203,0.17976656246795547,0.0,0.0
130,CT,Northeast,New England,Female,Asian American or Pacific Islander,144195,2.540570369015666,0.0,0.0
131,CT,Northeast,New England,Male,Asian American or Pacific Islander,132765,2.339185304916016,0.0,0.0
132,CT,Northeast,New England,Male,Multiracial,40511,0.7137629336606237,0.0,0.0
133,CT,Northeast,New England,Male,American Indian or Alaska Native,10717,0.1888227237056825,0.0,0.0
134,CT,Northeast,New England,Female,White,2201069,38.78061431782616,0.0,0.0
135,CT,Northeast,New England,Female,Multiracial,44000,0.7752355923346114,0.0,0.0
136,CT,Northeast,New England,Female,Hispanic or Latino,211925,3.733904611488921,0.0,0.0
137,CT,Northeast,New England,Female,Black or African American,327972,5.778535629299253,0.0,0.0
138,CT,Northeast,New England,Male,White,2059853,36.29253092220969,0.0,0.0
139,CT,Northeast,New England,Total,American Indian or Alaska Native,20920,0.36858928617363795,0.0,0.0
140,CT,Northeast,New England,Male,Hispanic or Latino,204970,3.6113645309278484,0.0,0.0
141,CT,Northeast,New England,Total,Asian American or Pacific Islander,276960,4.879755673931682,0.0,0.0
142,CT,Northeast,New England,Total,Hispanic or Latino,416895,7.345269142416769,0.0,0.0
143,CT,Northeast,New England,Total,Multiracial,84511,1.4889985259952352,0.0,0.0
144,CT,Northeast,New England,Total,White,4260922,75.07314524003584,0.0,0.0
145,CT,Northeast,New England,Total,Black or African American,615486,10.844242131446832,0.0,0.0
146,CT,Northeast,New England,Male,Black or African American,287514,5.065706502147579,0.0,0.0
147,DC,South,South Atlantic,Female,Multiracial,13905,1.2037272694219512,0.0,0.0
148,DC,South,South Atlantic,Female,American Indian or Alaska Native,2084,0.18040759651027305,0.0,0.0
149,DC,South,South Atlantic,Female,Asian American or Pacific Islander,33265,2.879682676542338,0.0,0.0
150,DC,South,South Atlantic,Female,Total,615590,53.290361005642495,5.0,35.714285714285715
151,DC,South,South Atlantic,Male,Total,539572,46.709638994357505,9.0,64.28571428571429
152,DC,South,South Atlantic,Female,White,258055,22.339290939279515,3.0,21.428571428571427
153,DC,South,South Atlantic,Total,Total,1155162,100.0,14.0,100.0
154,DC,South,South Atlantic,Total,White,512895,44.40026593672576,6.0,42.857142857142854
155,DC,South,South Atlantic,Total,Multiracial,24418,2.113816070819504,0.0,0.0
156,DC,South,South Atlantic,Total,Hispanic or Latino,57622,4.988218102742299,0.0,0.0
157,DC,South,South Atlantic,Total,Black or African American,499573,43.2470077789955,8.0,57.14285714285714
158,DC,South,South Atlantic,Total,Asian American or Pacific Islander,56329,4.876285750396914,0.0,0.0
159,DC,South,South Atlantic,Total,American Indian or Alaska Native,4325,0.3744063603200244,0.0,0.0
160,DC,South,South Atlantic,Male,White,254840,22.060974997446245,3.0,21.428571428571427
161,DC,South,South Atlantic,Male,Multiracial,10513,0.9100888013975529,0.0,0.0
162,DC,South,South Atlantic,Male,Hispanic or Latino,29272,2.5340168738237585,0.0,0.0
163,DC,South,South Atlantic,Male,Black or African American,219642,19.013956484025616,6.0,42.857142857142854
164,DC,South,South Atlantic,Male,Asian American or Pacific Islander,23064,1.996603073854576,0.0,0.0
165,DC,South,South Atlantic,Male,American Indian or Alaska Native,2241,0.19399876380975137,0.0,0.0
166,DC,South,South Atlantic,Female,Hispanic or Latino,28350,2.4542012289185413,0.0,0.0
167,DC,South,South Atlantic,Female,Black or African American,279931,24.23305129496988,2.0,14.285714285714285
168,DE,South,South Atlantic,Total,White,1051057,68.23344049276024,0.0,0.0
169,DE,South,South Atlantic,Male,Total,735386,47.740433554230634,0.0,0.0
170,DE,South,South Atlantic,Female,American Indian or Alaska Native,3779,0.2453284375843945,0.0,0.0
171,DE,South,South Atlantic,Female,Asian American or Pacific Islander,32365,2.1010994661071525,0.0,0.0
172,DE,South,South Atlantic,Female,Black or African American,179553,11.656379188565968,0.0,0.0
173,DE,South,South Atlantic,Female,Hispanic or Latino,29163,1.8932292207657309,0.0,0.0
174,DE,South,South Atlantic,Female,Multiracial,13762,0.8934135903774643,0.0,0.0
175,DE,South,South Atlantic,Female,White,546376,35.47011654236866,0.0,0.0
176,DE,South,South Atlantic,Male,Asian American or Pacific Islander,31144,2.02183351683736,0.0,0.0
177,DE,South,South Atlantic,Male,Black or African American,153188,9.94479298668384,0.0,0.0
178,DE,South,South Atlantic,Male,Hispanic or Latino,30639,1.989049483765087,0.0,0.0
179,DE,South,South Atlantic,Female,Total,804998,52.259566445769366,0.0,0.0
180,DE,South,South Atlantic,Male,Multiracial,12064,0.7831813366017824,0.0,0.0
181,DE,South,South Atlantic,Total,American Indian or Alaska Native,7449,0.4835807175353678,0.0,0.0
182,DE,South,South Atlantic,Total,Asian American or Pacific Islander,63509,4.122932982944513,0.0,0.0
183,DE,South,South Atlantic,Total,Black or African American,332741,21.601172175249808,0.0,0.0
184,DE,South,South Atlantic,Total,Hispanic or Latino,59802,3.882278704530818,0.0,0.0
185,DE,South,South Atlantic,Total,Multiracial,25826,1.6765949269792468,0.0,0.0
186,DE,South,South Atlantic,Total,Total,1540384,100.0,0.0,0.0
187,DE,South,South Atlantic,Male,White,504681,32.763323950391595,0.0,0.0
188,DE,South,South Atlantic,Male,American Indian or Alaska Native,3670,0.23825227995097326,0.0,0.0
189,FL,South,South Atlantic,Total,Total,34495616,100.0,57.0,100.0
190,FL,South,South Atlantic,Male,Total,16675320,48.340403603750694,40.0,70.17543859649122
191,FL,South,South Atlantic,Female,Total,17820296,51.659596396249306,17.0,29.82456140350877
192,FL,South,South Atlantic,Total,American Indian or Alaska Native,131216,0.3803845682883298,0.0,0.0
193,FL,South,South Atlantic,Male,White,11349456,32.9011547438376,21.0,36.84210526315789
194,FL,South,South Atlantic,Male,Multiracial,226392,0.6562920923052946,0.0,0.0
195,FL,South,South Atlantic,Male,Asian American or Pacific Islander,474495,1.3755226171348844,0.0,0.0
196,FL,South,South Atlantic,Total,Asian American or Pacific Islander,1047007,3.0351885874425317,0.0,0.0
197,FL,South,South Atlantic,Total,Black or African American,5196604,15.06453457737934,13.0,22.80701754385965
198,FL,South,South Atlantic,Total,Hispanic or Latino,4306156,12.483197864911299,15.0,26.31578947368421
199,FL,South,South Atlantic,Total,Multiracial,475764,1.3792013454695229,0.0,0.0
200,FL,South,South Atlantic,Total,White,23338869,67.65749305650898,29.0,50.877192982456144
201,FL,South,South Atlantic,Male,American Indian or Alaska Native,67353,0.1952508979691796,0.0,0.0
202,FL,South,South Atlantic,Female,White,11989413,34.75633831267139,8.0,14.035087719298245
203,FL,South,South Atlantic,Female,Multiracial,249372,0.722909253164228,0.0,0.0
204,FL,South,South Atlantic,Female,Hispanic or Latino,2203213,6.386936241405285,3.0,5.263157894736842
205,FL,South,South Atlantic,Female,Black or African American,2741923,7.948612948381614,6.0,10.526315789473683
206,FL,South,South Atlantic,Female,Asian American or Pacific Islander,572512,1.659665970307647,0.0,0.0
207,FL,South,South Atlantic,Female,American Indian or Alaska Native,63863,0.18513367031915007,0.0,0.0
208,FL,South,South Atlantic,Male,Hispanic or Latino,2102943,6.096261623506013,12.0,21.052631578947366
209,FL,South,South Atlantic,Male,Black or African American,2454681,7.115921628997725,7.0,12.280701754385966
210,GA,South,South Atlantic,Female,Total,8454268,52.09973646528236,9.0,52.94117647058824
211,GA,South,South Atlantic,Male,Total,7772816,47.90026353471764,8.0,47.05882352941176
212,GA,South,South Atlantic,Total,American Indian or Alaska Native,60120,0.3704917038699005,0.0,0.0
213,GA,South,South Atlantic,Total,Asian American or Pacific Islander,728995,4.492458410888857,0.0,0.0
214,GA,South,South Atlantic,Female,American Indian or Alaska Native,29159,0.179693406406228,0.0,0.0
215,GA,South,South Atlantic,Female,Asian American or Pacific Islander,381197,2.349140486362183,0.0,0.0
216,GA,South,South Atlantic,Female,Black or African American,2782836,17.14932886278274,7.0,41.17647058823529
217,GA,South,South Atlantic,Male,White,4616123,28.44702720464133,5.0,29.411764705882355
218,GA,South,South Atlantic,Male,Multiracial,105371,0.6493526501742395,0.0,0.0
219,GA,South,South Atlantic,Male,Hispanic or Latino,354943,2.187349248947007,0.0,0.0
220,GA,South,South Atlantic,Male,Black or African American,2317620,14.282418208964714,3.0,17.647058823529413
221,GA,South,South Atlantic,Male,Asian American or Pacific Islander,347798,2.143317924526674,0.0,0.0
222,GA,South,South Atlantic,Male,American Indian or Alaska Native,30961,0.19079829746367244,0.0,0.0
223,GA,South,South Atlantic,Female,White,4819950,29.70311856400078,2.0,11.76470588235294
224,GA,South,South Atlantic,Total,Total,16227084,100.0,17.0,100.0
225,GA,South,South Atlantic,Female,Multiracial,122966,0.7577824826690982,0.0,0.0
226,GA,South,South Atlantic,Female,Hispanic or Latino,318160,1.9606726630613358,0.0,0.0
227,GA,South,South Atlantic,Total,Black or African American,5100456,31.431747071747456,10.0,58.82352941176471
228,GA,South,South Atlantic,Total,Hispanic or Latino,673103,4.1480219120083435,0.0,0.0
229,GA,South,South Atlantic,Total,Multiracial,228337,1.4071351328433377,0.0,0.0
230,GA,South,South Atlantic,Total,White,9436073,58.150145768642105,7.0,41.17647058823529
231,HI,West,Pacific,Total,Total,2232008,100.0,0.0,0.0
232,HI,West,Pacific,Total,White,568140,25.454209841541786,0.0,0.0
233,HI,West,Pacific,Total,Multiracial,404349,18.115929692008276,0.0,0.0
234,HI,West,Pacific,Total,Hispanic or Latino,95407,4.274491847699472,0.0,0.0
235,HI,West,Pacific,Total,Black or African American,46699,2.0922416048688,0.0,0.0
236,HI,West,Pacific,Total,Asian American or Pacific Islander,1110216,49.740681933039674,0.0,0.0
237,HI,West,Pacific,Total,American Indian or Alaska Native,7197,0.32244508084200413,0.0,0.0
238,HI,West,Pacific,Female,Total,1123902,50.353851778309036,0.0,0.0
239,HI,West,Pacific,Male,Multiracial,203128,9.100684226938256,0.0,0.0
240,HI,West,Pacific,Male,Hispanic or Latino,48876,2.1897770975731268,0.0,0.0
241,HI,West,Pacific,Male,White,306917,13.750712363038126,0.0,0.0
242,HI,West,Pacific,Male,Asian American or Pacific Islander,515768,23.107802480994692,0.0,0.0
243,HI,West,Pacific,Male,Black or African American,29607,1.32647374023749,0.0,0.0
244,HI,West,Pacific,Female,American Indian or Alaska Native,3387,0.15174676793273142,0.0,0.0
245,HI,West,Pacific,Female,Asian American or Pacific Islander,594448,26.63287945204498,0.0,0.0
246,HI,West,Pacific,Female,Black or African American,17092,0.7657678646313095,0.0,0.0
247,HI,West,Pacific,Male,Total,1108106,49.646148221690964,0.0,0.0
248,HI,West,Pacific,Female,Multiracial,201221,9.015245465070018,0.0,0.0
249,HI,West,Pacific,Female,White,261223,11.703497478503662,0.0,0.0
250,HI,West,Pacific,Male,American Indian or Alaska Native,3810,0.17069831290927273,0.0,0.0
251,HI,West,Pacific,Female,Hispanic or Latino,46531,2.084714750126344,0.0,0.0
252,IA,Midwest,West North Central,Female,American Indian or Alaska Native,9191,0.18925315528313022,0.0,0.0
253,IA,Midwest,West North Central,Female,Black or African American,77123,1.588050385692618,0.0,0.0
254,IA,Midwest,West North Central,Female,Hispanic or Latino,58162,1.1976218058510957,0.0,0.0
255,IA,Midwest,West North Central,Female,Multiracial,27775,0.5719188758556133,0.0,0.0
256,IA,Midwest,West North Central,Female,White,2219838,45.7089920266993,2.0,28.57142857142857
257,IA,Midwest,West North Central,Male,American Indian or Alaska Native,8938,0.1840435972060296,0.0,0.0
258,IA,Midwest,West North Central,Male,Asian American or Pacific Islander,68215,1.4046245226459284,0.0,0.0
259,IA,Midwest,West North Central,Male,Black or African American,91888,1.89207854778112,0.0,0.0
260,IA,Midwest,West North Central,Female,Asian American or Pacific Islander,66073,1.3605183036690525,0.0,0.0
261,IA,Midwest,West North Central,Male,White,2137234,44.00808161009525,5.0,71.42857142857143
262,IA,Midwest,West North Central,Female,Total,2458162,50.616354553050805,2.0,28.57142857142857
263,IA,Midwest,West North Central,Male,Total,2398296,49.383645446949195,5.0,71.42857142857143
264,IA,Midwest,West North Central,Total,Total,4856458,100.0,7.0,100.0
265,IA,Midwest,West North Central,Total,American Indian or Alaska Native,18129,0.3732967524891598,0.0,0.0
266,IA,Midwest,West North Central,Total,Asian American or Pacific Islander,134288,2.765142826314981,0.0,0.0
267,IA,Midwest,West North Central,Total,Black or African American,169011,3.4801289334737375,0.0,0.0
268,IA,Midwest,West North Central,Total,Hispanic or Latino,122644,2.525379607936484,0.0,0.0
269,IA,Midwest,West North Central,Total,Multiracial,55314,1.138978242991085,0.0,0.0
270,IA,Midwest,West North Central,Total,White,4357072,89.71707363679455,7.0,100.0
271,IA,Midwest,West North Central,Male,Multiracial,27539,0.567059367135472,0.0,0.0
272,IA,Midwest,West North Central,Male,Hispanic or Latino,64482,1.327757802085388,0.0,0.0
273,ID,West,Mountain,Male,American Indian or Alaska Native,18005,0.6723983914721734,0.0,0.0
274,ID,West,Mountain,Female,White,1197043,44.70368162860455,3.0,42.857142857142854
275,ID,West,Mountain,Female,American Indian or Alaska Native,18148,0.6777387397076925,0.0,0.0
276,ID,West,Mountain,Female,Hispanic or Latino,70181,2.6209159406780675,1.0,14.285714285714285
277,ID,West,Mountain,Female,Black or African American,8035,0.3000678186880818,0.0,0.0
278,ID,West,Mountain,Female,Asian American or Pacific Islander,27065,1.0107449300302345,0.0,0.0
279,ID,West,Mountain,Female,Multiracial,23288,0.8696925154459301,0.0,0.0
280,ID,West,Mountain,Male,Asian American or Pacific Islander,20837,0.7781596935909846,0.0,0.0
281,ID,West,Mountain,Male,Hispanic or Latino,76647,2.862389309145664,0.0,0.0
282,ID,West,Mountain,Male,White,1182085,44.14507373415074,3.0,42.857142857142854
283,ID,West,Mountain,Total,American Indian or Alaska Native,36153,1.350137131179866,0.0,0.0
284,ID,West,Mountain,Total,Asian American or Pacific Islander,47902,1.7889046236212192,0.0,0.0
285,ID,West,Mountain,Total,Black or African American,20577,0.7684499695264045,0.0,0.0
286,ID,West,Mountain,Total,Hispanic or Latino,146828,5.483305249823731,1.0,14.285714285714285
287,ID,West,Mountain,Total,Multiracial,47140,1.7604476630934882,0.0,0.0
288,ID,West,Mountain,Total,White,2379128,88.8487553627553,6.0,85.71428571428571
289,ID,West,Mountain,Total,Total,2677728,100.0,7.0,100.0
290,ID,West,Mountain,Male,Total,1333968,49.817158426845445,3.0,42.857142857142854
291,ID,West,Mountain,Female,Total,1343760,50.182841573154555,4.0,57.14285714285714
292,ID,West,Mountain,Male,Black or African American,12542,0.4683821508383226,0.0,0.0
293,ID,West,Mountain,Male,Multiracial,23852,0.8907551476475579,0.0,0.0
294,IL,Midwest,East North Central,Total,Total,19707892,100.0,53.0,100.0
295,IL,Midwest,East North Central,Male,Total,9575440,48.586830088169755,35.0,66.0377358490566
296,IL,Midwest,East North Central,Female,Total,10132452,51.413169911830245,18.0,33.9622641509434
297,IL,Midwest,East North Central,Total,Asian American or Pacific Islander,1192884,6.052823914399368,0.0,0.0
298,IL,Midwest,East North Central,Total,Hispanic or Latino,1519093,7.7080440668134385,13.0,24.528301886792452
299,IL,Midwest,East North Central,Total,Black or African American,2759057,13.999757051642053,21.0,39.62264150943397
300,IL,Midwest,East North Central,Total,American Indian or Alaska Native,73311,0.37198803403225467,0.0,0.0
301,IL,Midwest,East North Central,Male,White,6806790,34.53839710507851,14.0,26.41509433962264
302,IL,Midwest,East North Central,Male,Multiracial,123278,0.6255260582917747,1.0,1.8867924528301887
303,IL,Midwest,East North Central,Male,Hispanic or Latino,777057,3.942872226009763,10.0,18.867924528301888
304,IL,Midwest,East North Central,Male,Black or African American,1263833,6.412826902034982,10.0,18.867924528301888
305,IL,Midwest,East North Central,Male,Asian American or Pacific Islander,566795,2.875979835895184,0.0,0.0
306,IL,Midwest,East North Central,Male,American Indian or Alaska Native,37687,0.1912279608595379,0.0,0.0
307,IL,Midwest,East North Central,Female,White,7103347,36.04315976564109,4.0,7.547169811320755
308,IL,Midwest,East North Central,Female,Multiracial,130132,0.660304004101504,0.0,0.0
309,IL,Midwest,East North Central,Female,Hispanic or Latino,742036,3.765171840803674,3.0,5.660377358490567
310,IL,Midwest,East North Central,Female,Black or African American,1495224,7.586930149607071,11.0,20.75471698113208
311,IL,Midwest,East North Central,Female,Asian American or Pacific Islander,626089,3.1768440785041854,0.0,0.0
312,IL,Midwest,East North Central,Female,American Indian or Alaska Native,35624,0.1807600731727168,0.0,0.0
313,IL,Midwest,East North Central,Total,White,13910137,70.58155687071961,18.0,33.9622641509434
314,IL,Midwest,East North Central,Total,Multiracial,253410,1.2858300623932788,1.0,1.8867924528301887
315,IN,Midwest,East North Central,Female,Total,5293268,51.24919518729263,15.0,32.608695652173914
316,IN,Midwest,East North Central,Male,Total,5035222,48.75080481270738,31.0,67.3913043478261
317,IN,Midwest,East North Central,Total,Total,10328490,100.0,46.0,100.0
318,IN,Midwest,East North Central,Total,Multiracial,135567,1.312553916400171,0.0,0.0
319,IN,Midwest,East North Central,Female,American Indian or Alaska Native,16767,0.16233737942332324,0.0,0.0
320,IN,Midwest,East North Central,Total,Hispanic or Latino,309839,2.999847993269104,1.0,2.1739130434782608
321,IN,Midwest,East North Central,Total,Black or African American,952603,9.22306164792724,12.0,26.08695652173913
322,IN,Midwest,East North Central,Total,Asian American or Pacific Islander,270605,2.6199860773452848,0.0,0.0
323,IN,Midwest,East North Central,Total,American Indian or Alaska Native,34136,0.3305032971905864,0.0,0.0
324,IN,Midwest,East North Central,Male,White,4205801,40.72038603900474,25.0,54.347826086956516
325,IN,Midwest,East North Central,Male,Multiracial,65102,0.6303147894803597,0.0,0.0
326,IN,Midwest,East North Central,Total,White,8625740,83.51404706786761,33.0,71.7391304347826
327,IN,Midwest,East North Central,Male,Hispanic or Latino,161098,1.5597439703189913,0.0,0.0
328,IN,Midwest,East North Central,Male,Asian American or Pacific Islander,135515,1.3120504546163088,0.0,0.0
329,IN,Midwest,East North Central,Male,American Indian or Alaska Native,17369,0.16816591776726314,0.0,0.0
330,IN,Midwest,East North Central,Female,White,4419939,42.79366102886288,8.0,17.391304347826082
331,IN,Midwest,East North Central,Female,Multiracial,70465,0.682239126919811,0.0,0.0
332,IN,Midwest,East North Central,Female,Hispanic or Latino,148741,1.4401040229501119,1.0,2.1739130434782608
333,IN,Midwest,East North Central,Female,Black or African American,502266,4.8629180064075195,6.0,13.043478260869565
334,IN,Midwest,East North Central,Female,Asian American or Pacific Islander,135090,1.3079356227289758,0.0,0.0
335,IN,Midwest,East North Central,Male,Black or African American,450337,4.360143641519719,6.0,13.043478260869565
336,KS,Midwest,West North Central,Male,Total,2186586,49.401779614145816,5.0,71.42857142857143
337,KS,Midwest,West North Central,Female,Total,2239542,50.598220385854184,2.0,28.57142857142857
338,KS,Midwest,West North Central,Total,Total,4426128,100.0,7.0,100.0
339,KS,Midwest,West North Central,Total,White,3667130,82.85187414372109,6.0,85.71428571428571
340,KS,Midwest,West North Central,Total,American Indian or Alaska Native,44134,0.9971243488665488,0.0,0.0
341,KS,Midwest,West North Central,Total,Multiracial,86598,1.9565182028174513,0.0,0.0
342,KS,Midwest,West North Central,Total,Hispanic or Latino,225267,5.089482274349047,0.0,0.0
343,KS,Midwest,West North Central,Total,Black or African American,255054,5.762463263601957,1.0,14.285714285714285
344,KS,Midwest,West North Central,Total,Asian American or Pacific Islander,147945,3.342537766643893,0.0,0.0
345,KS,Midwest,West North Central,Male,White,1800716,40.683775977558724,4.0,57.14285714285714
346,KS,Midwest,West North Central,Male,Multiracial,42334,0.9564567495562714,0.0,0.0
347,KS,Midwest,West North Central,Male,Black or African American,133319,3.0120909291371603,1.0,14.285714285714285
348,KS,Midwest,West North Central,Male,Hispanic or Latino,117121,2.6461277215661183,0.0,0.0
349,KS,Midwest,West North Central,Male,American Indian or Alaska Native,21947,0.4958510011459226,0.0,0.0
350,KS,Midwest,West North Central,Female,White,1866414,42.16809816616239,2.0,28.57142857142857
351,KS,Midwest,West North Central,Female,Multiracial,44264,1.00006145326118,0.0,0.0
352,KS,Midwest,West North Central,Female,Hispanic or Latino,108146,2.443354552782929,0.0,0.0
353,KS,Midwest,West North Central,Female,Black or African American,121735,2.7503723344647963,0.0,0.0
354,KS,Midwest,West North Central,Female,Asian American or Pacific Islander,76796,1.7350605314622618,0.0,0.0
355,KS,Midwest,West North Central,Female,American Indian or Alaska Native,22187,0.5012733477206264,0.0,0.0
356,KS,Midwest,West North Central,Male,Asian American or Pacific Islander,71149,1.6074772351816307,0.0,0.0
357,KY,South,East South Central,Total,Multiracial,85238,1.2300558588917923,0.0,0.0
358,KY,South,East South Central,Total,Black or African American,556457,8.030141404905677,0.0,0.0
359,KY,South,East South Central,Total,Hispanic or Latino,109073,1.5740149076339713,0.0,0.0
360,KY,South,East South Central,Total,White,6049771,87.3032715866592,0.0,0.0
361,KY,South,East South Central,Female,White,3114845,44.94982685879309,0.0,0.0
362,KY,South,East South Central,Male,Total,3374194,48.69245053541299,0.0,0.0
363,KY,South,East South Central,Total,Total,6929604,100.0,0.0,0.0
364,KY,South,East South Central,Total,Asian American or Pacific Islander,110836,1.5994564768780437,0.0,0.0
365,KY,South,East South Central,Female,Total,3555410,51.30754946458701,0.0,0.0
366,KY,South,East South Central,Total,American Indian or Alaska Native,18229,0.2630597650313063,0.0,0.0
367,KY,South,East South Central,Male,White,2934926,42.35344472786613,0.0,0.0
368,KY,South,East South Central,Male,Hispanic or Latino,60242,0.869342606013273,0.0,0.0
369,KY,South,East South Central,Male,Black or African American,275132,3.970385609336406,0.0,0.0
370,KY,South,East South Central,Male,Asian American or Pacific Islander,52970,0.7644015444461184,0.0,0.0
371,KY,South,East South Central,Male,American Indian or Alaska Native,9429,0.1360683813966859,0.0,0.0
372,KY,South,East South Central,Female,Multiracial,43743,0.631248192537409,0.0,0.0
373,KY,South,East South Central,Female,Hispanic or Latino,48831,0.7046723016206987,0.0,0.0
374,KY,South,East South Central,Male,Multiracial,41495,0.5988076663543833,0.0,0.0
375,KY,South,East South Central,Female,American Indian or Alaska Native,8800,0.1269913836346204,0.0,0.0
376,KY,South,East South Central,Female,Asian American or Pacific Islander,57866,0.8350549324319254,0.0,0.0
377,KY,South,East South Central,Female,Black or African American,281325,4.059755795569271,0.0,0.0
378,LA,South,West South Central,Total,Total,7122328,100.0,14.0,100.0
379,LA,South,West South Central,Total,Asian American or Pacific Islander,134206,1.8842996278744817,1.0,7.142857142857142
380,LA,South,West South Central,Female,Total,3696250,51.89665513860074,5.0,35.714285714285715
381,LA,South,West South Central,Total,American Indian or Alaska Native,50719,0.7121126687790845,0.0,0.0
382,LA,South,West South Central,Male,Total,3426078,48.10334486139925,9.0,64.28571428571429
383,LA,South,West South Central,Total,Black or African American,2227887,31.2803201425152,9.0,64.28571428571429
384,LA,South,West South Central,Male,White,2179073,30.594954346387865,2.0,14.285714285714285
385,LA,South,West South Central,Male,Asian American or Pacific Islander,65688,0.9222827143035257,0.0,0.0
386,LA,South,West South Central,Male,Hispanic or Latino,90358,1.268658225231975,0.0,0.0
387,LA,South,West South Central,Male,Black or African American,1029287,14.451552919214055,7.0,50.0
388,LA,South,West South Central,Male,American Indian or Alaska Native,25009,0.3511351906286821,0.0,0.0
389,LA,South,West South Central,Female,White,2285857,32.09423941160812,1.0,7.142857142857142
390,LA,South,West South Central,Female,Multiracial,40833,0.5733097380519403,0.0,0.0
391,LA,South,West South Central,Female,Hispanic or Latino,76732,1.0773443739181907,1.0,7.142857142857142
392,LA,South,West South Central,Female,Black or African American,1198600,16.828767223301146,2.0,14.285714285714285
393,LA,South,West South Central,Female,Asian American or Pacific Islander,68518,0.962016913570956,1.0,7.142857142857142
394,LA,South,West South Central,Female,American Indian or Alaska Native,25710,0.36097747815040254,0.0,0.0
395,LA,South,West South Central,Male,Multiracial,36663,0.5147614656331468,0.0,0.0
396,LA,South,West South Central,Total,Hispanic or Latino,167090,2.3460025991501654,1.0,7.142857142857142
397,LA,South,West South Central,Total,Multiracial,77496,1.0880712036850873,0.0,0.0
398,LA,South,West South Central,Total,White,4464930,62.68919375799597,3.0,21.428571428571427
399,MA,Northeast,New England,Total,Multiracial,176195,1.5902928369986618,2.0,14.285714285714285
400,MA,Northeast,New England,Total,Hispanic or Latino,594965,5.370008103322506,1.0,7.142857142857142
401,MA,Northeast,New England,Total,Black or African American,850731,7.678489261969459,3.0,21.428571428571427
402,MA,Northeast,New England,Total,Asian American or Pacific Islander,799985,7.220468317525326,1.0,7.142857142857142
403,MA,Northeast,New England,Total,American Indian or Alaska Native,36187,0.32661498278878853,0.0,0.0
404,MA,Northeast,New England,Male,White,4131907,37.29357873517768,5.0,35.714285714285715
405,MA,Northeast,New England,Male,Multiracial,84982,0.7670266799501706,0.0,0.0
406,MA,Northeast,New England,Male,Hispanic or Latino,292205,2.6373706316024528,1.0,7.142857142857142
407,MA,Northeast,New England,Male,Black or African American,406542,3.669348338710577,0.0,0.0
408,MA,Northeast,New England,Male,Asian American or Pacific Islander,376140,3.3949473464552162,0.0,0.0
409,MA,Northeast,New England,Male,American Indian or Alaska Native,18220,0.1644492493550647,0.0,0.0
410,MA,Northeast,New England,Female,White,4489436,40.52054776221758,2.0,14.285714285714285
411,MA,Northeast,New England,Female,Multiracial,91213,0.8232661570484917,2.0,14.285714285714285
412,MA,Northeast,New England,Female,Hispanic or Latino,302760,2.732637471720054,0.0,0.0
413,MA,Northeast,New England,Female,Asian American or Pacific Islander,423845,3.82552097107011,1.0,7.142857142857142
414,MA,Northeast,New England,Total,White,8621343,77.81412649739525,7.0,50.0
415,MA,Northeast,New England,Female,American Indian or Alaska Native,17967,0.1621657334337238,0.0,0.0
416,MA,Northeast,New England,Female,Black or African American,444189,4.009140923258882,3.0,21.428571428571427
417,MA,Northeast,New England,Total,Total,11079406,100.0,14.0,100.0
418,MA,Northeast,New England,Male,Total,5309996,47.92672098125116,6.0,42.857142857142854
419,MA,Northeast,New England,Female,Total,5769410,52.07327901874884,8.0,57.14285714285714
420,MD,South,South Atlantic,Female,Multiracial,93722,0.994715976016097,1.0,4.761904761904762
421,MD,South,South Atlantic,Male,Black or African American,1296017,13.75524225996515,8.0,38.09523809523809
422,MD,South,South Atlantic,Male,Asian American or Pacific Islander,300742,3.1919172879263455,0.0,0.0
423,MD,South,South Atlantic,Male,American Indian or Alaska Native,19341,0.2052751935738389,0.0,0.0
424,MD,South,South Atlantic,Female,White,2712158,28.785417426856714,1.0,4.761904761904762
425,MD,South,South Atlantic,Female,Hispanic or Latino,203783,2.1628454977538705,0.0,0.0
426,MD,South,South Atlantic,Female,Asian American or Pacific Islander,345677,3.6688337257134536,0.0,0.0
427,MD,South,South Atlantic,Male,Hispanic or Latino,220053,2.335526713794735,0.0,0.0
428,MD,South,South Atlantic,Female,American Indian or Alaska Native,18897,0.20056281127991488,0.0,0.0
429,MD,South,South Atlantic,Female,Total,4925002,52.27137887914501,8.0,38.09523809523809
430,MD,South,South Atlantic,Male,Total,4496984,47.72862112085498,13.0,61.904761904761905
431,MD,South,South Atlantic,Total,Total,9421986,100.0,21.0,100.0
432,MD,South,South Atlantic,Female,Black or African American,1550765,16.45900344152496,6.0,28.57142857142857
433,MD,South,South Atlantic,Male,Multiracial,81334,0.8632362646261627,0.0,0.0
434,MD,South,South Atlantic,Total,Black or African American,2846782,30.21424570149011,14.0,66.66666666666666
435,MD,South,South Atlantic,Total,American Indian or Alaska Native,38238,0.4058380048537538,0.0,0.0
436,MD,South,South Atlantic,Total,Asian American or Pacific Islander,646419,6.860751013639799,0.0,0.0
437,MD,South,South Atlantic,Total,Hispanic or Latino,423836,4.498372211548605,0.0,0.0
438,MD,South,South Atlantic,Total,Multiracial,175056,1.8579522406422597,1.0,4.761904761904762
439,MD,South,South Atlantic,Total,White,5291655,56.16284082782547,6.0,28.57142857142857
440,MD,South,South Atlantic,Male,White,2579497,27.377423400968752,5.0,23.80952380952381
441,ME,Northeast,New England,Total,Total,2190740,100.0,0.0,0.0
442,ME,Northeast,New England,Male,Total,1061054,48.43358865041037,0.0,0.0
443,ME,Northeast,New England,Female,Total,1129686,51.566411349589636,0.0,0.0
444,ME,Northeast,New England,Male,Black or African American,16712,0.7628472570912113,0.0,0.0
445,ME,Northeast,New England,Male,Asian American or Pacific Islander,12129,0.5536485388498863,0.0,0.0
446,ME,Northeast,New England,Male,American Indian or Alaska Native,6927,0.3161945278764253,0.0,0.0
447,ME,Northeast,New England,Female,White,1071388,48.9053014050047,0.0,0.0
448,ME,Northeast,New England,Female,Multiracial,14100,0.6436181381633603,0.0,0.0
449,ME,Northeast,New England,Female,Hispanic or Latino,8107,0.3700576061056995,0.0,0.0
450,ME,Northeast,New England,Total,White,2074921,94.71324757844381,0.0,0.0
451,ME,Northeast,New England,Total,Multiracial,27498,1.2551923094479491,0.0,0.0
452,ME,Northeast,New England,Total,Black or African American,29377,1.3409624145265986,0.0,0.0
453,ME,Northeast,New England,Total,Asian American or Pacific Islander,28282,1.2909793037968904,0.0,0.0
454,ME,Northeast,New England,Total,American Indian or Alaska Native,14200,0.6481828058099091,0.0,0.0
455,ME,Northeast,New England,Female,Black or African American,12665,0.5781151574353871,0.0,0.0
456,ME,Northeast,New England,Female,Asian American or Pacific Islander,16153,0.7373307649470042,0.0,0.0
457,ME,Northeast,New England,Female,American Indian or Alaska Native,7273,0.33198827793348373,0.0,0.0
458,ME,Northeast,New England,Male,Multiracial,13398,0.6115741712845887,0.0,0.0
459,ME,Northeast,New England,Male,White,1003533,45.80794617343911,0.0,0.0
460,ME,Northeast,New England,Total,Hispanic or Latino,16462,0.7514355879748396,0.0,0.0
461,ME,Northeast,New England,Male,Hispanic or Latino,8355,0.38137798186914007,0.0,0.0
462,MI,Midwest,East North Central,Female,American Indian or Alaska Native,50607,0.3226283972661217,0.0,0.0
463,MI,Midwest,East North Central,Female,Asian American or Pacific Islander,269961,1.7210481702997504,0.0,0.0
464,MI,Midwest,East North Central,Male,Total,7643696,48.7298869656266,6.0,54.54545454545454
465,MI,Midwest,East North Central,Total,Total,15685848,100.0,11.0,100.0
466,MI,Midwest,East North Central,Female,Black or African American,1119071,7.134271605844962,4.0,36.36363636363637
467,MI,Midwest,East North Central,Female,Total,8042152,51.2701130343734,5.0,45.454545454545446
468,MI,Midwest,East North Central,Total,White,12363933,78.82221605105443,2.0,18.181818181818183
469,MI,Midwest,East North Central,Total,Hispanic or Latino,345921,2.205306337279311,1.0,9.090909090909092
470,MI,Midwest,East North Central,Total,Black or African American,2084400,13.28841131190357,8.0,72.72727272727273
471,MI,Midwest,East North Central,Total,Asian American or Pacific Islander,529995,3.37880999484376,0.0,0.0
472,MI,Midwest,East North Central,Total,American Indian or Alaska Native,99979,0.6373834554561538,0.0,0.0
473,MI,Midwest,East North Central,Male,White,6068422,38.68724215611423,2.0,18.181818181818183
474,MI,Midwest,East North Central,Male,Multiracial,125216,0.7982737050620405,0.0,0.0
475,MI,Midwest,East North Central,Male,Hispanic or Latino,175323,1.1177145156576809,0.0,0.0
476,MI,Midwest,East North Central,Total,Multiracial,261620,1.667872849462777,0.0,0.0
477,MI,Midwest,East North Central,Male,Asian American or Pacific Islander,260034,1.6577618245440093,0.0,0.0
478,MI,Midwest,East North Central,Male,American Indian or Alaska Native,49372,0.3147550581900322,0.0,0.0
479,MI,Midwest,East North Central,Female,White,6295511,40.13497389494021,0.0,0.0
480,MI,Midwest,East North Central,Female,Multiracial,136404,0.8695991444007363,0.0,0.0
481,MI,Midwest,East North Central,Female,Hispanic or Latino,170598,1.0875918216216298,1.0,9.090909090909092
482,MI,Midwest,East North Central,Male,Black or African American,965329,6.154139706058608,4.0,36.36363636363637
483,MN,Midwest,West North Central,Total,Black or African American,509233,5.871508540923216,3.0,14.285714285714285
484,MN,Midwest,West North Central,Total,American Indian or Alaska Native,91246,1.0520757066511395,0.0,0.0
485,MN,Midwest,West North Central,Male,White,3606760,41.58631146265112,8.0,38.09523809523809
486,MN,Midwest,West North Central,Male,Multiracial,66151,0.7627277915818724,1.0,4.761904761904762
487,MN,Midwest,West North Central,Male,Hispanic or Latino,103864,1.1975625363918851,0.0,0.0
488,MN,Midwest,West North Central,Male,Black or African American,260193,3.0000518854599645,2.0,9.523809523809524
489,MN,Midwest,West North Central,Male,Asian American or Pacific Islander,206115,2.3765270179120135,1.0,4.761904761904762
490,MN,Midwest,West North Central,Male,American Indian or Alaska Native,44999,0.5188430695438115,0.0,0.0
491,MN,Midwest,West North Central,Female,Hispanic or Latino,93684,1.0801860958497398,1.0,4.761904761904762
492,MN,Midwest,West North Central,Female,Multiracial,70547,0.8134141209161819,1.0,4.761904761904762
493,MN,Midwest,West North Central,Female,Black or African American,249040,2.8714566554632506,1.0,4.761904761904762
494,MN,Midwest,West North Central,Female,Asian American or Pacific Islander,220718,2.5449011005482562,1.0,4.761904761904762
495,MN,Midwest,West North Central,Female,American Indian or Alaska Native,46247,0.5332326371073279,0.0,0.0
496,MN,Midwest,West North Central,Total,Hispanic or Latino,197548,2.277748632241625,1.0,4.761904761904762
497,MN,Midwest,West North Central,Female,Total,4384868,50.55797623645933,9.0,42.857142857142854
498,MN,Midwest,West North Central,Male,Total,4288082,49.44202376354066,12.0,57.14285714285714
499,MN,Midwest,West North Central,Total,Total,8672950,100.0,21.0,100.0
500,MN,Midwest,West North Central,Female,White,3704632,42.71478562657458,5.0,23.80952380952381
501,MN,Midwest,West North Central,Total,Multiracial,136698,1.5761419124980542,2.0,9.523809523809524
502,MN,Midwest,West North Central,Total,Asian American or Pacific Islander,426833,4.92142811846027,2.0,9.523809523809524
503,MN,Midwest,West North Central,Total,White,7311392,84.3010970892257,13.0,61.904761904761905
504,MO,Midwest,West North Central,Female,American Indian or Alaska Native,24008,0.2518228521476373,0.0,0.0
505,MO,Midwest,West North Central,Total,Total,9533686,100.0,45.0,100.0
506,MO,Midwest,West North Central,Male,Total,4622632,48.48735316015233,22.0,48.888888888888886
507,MO,Midwest,West North Central,Female,Total,4911054,51.512646839847676,23.0,51.11111111111111
508,MO,Midwest,West North Central,Total,White,7879936,82.65361372296087,25.0,55.55555555555556
509,MO,Midwest,West North Central,Total,Multiracial,147816,1.5504601263351867,0.0,0.0
510,MO,Midwest,West North Central,Total,Hispanic or Latino,173002,1.8146391647469826,0.0,0.0
511,MO,Midwest,West North Central,Total,Black or African American,1064064,11.161097606948669,19.0,42.22222222222222
512,MO,Midwest,West North Central,Total,American Indian or Alaska Native,48452,0.5082189616901586,0.0,0.0
513,MO,Midwest,West North Central,Male,White,3837825,40.25541642550426,12.0,26.666666666666668
514,MO,Midwest,West North Central,Total,Asian American or Pacific Islander,220416,2.3119704173181286,1.0,2.2222222222222228
515,MO,Midwest,West North Central,Male,Hispanic or Latino,90062,0.9446713474725305,0.0,0.0
516,MO,Midwest,West North Central,Male,Black or African American,494333,5.185119375653866,9.0,20.0
517,MO,Midwest,West North Central,Male,Asian American or Pacific Islander,103593,1.086599663550908,1.0,2.2222222222222228
518,MO,Midwest,West North Central,Male,American Indian or Alaska Native,24444,0.2563961095425211,0.0,0.0
519,MO,Midwest,West North Central,Female,White,4042111,42.39819729745662,13.0,28.888888888888893
520,MO,Midwest,West North Central,Female,Multiracial,75441,0.7913098879069439,0.0,0.0
521,MO,Midwest,West North Central,Male,Multiracial,72375,0.7591502384282428,0.0,0.0
522,MO,Midwest,West North Central,Female,Hispanic or Latino,82940,0.8699678172744519,0.0,0.0
523,MO,Midwest,West North Central,Female,Asian American or Pacific Islander,116823,1.2253707537672207,0.0,0.0
524,MO,Midwest,West North Central,Female,Black or African American,569731,5.9759782312948015,10.0,22.22222222222222
525,MS,South,East South Central,Male,Total,2173080,47.70619160981504,0.0,0.0
526,MS,South,East South Central,Female,Total,2382052,52.29380839018496,0.0,0.0
527,MS,South,East South Central,Total,Asian American or Pacific Islander,53904,1.1833685609988909,0.0,0.0
528,MS,South,East South Central,Total,American Indian or Alaska Native,23776,0.5219607247386026,0.0,0.0
529,MS,South,East South Central,Total,Black or African American,1653889,36.30825627007077,0.0,0.0
530,MS,South,East South Central,Total,Total,4555132,100.0,0.0,0.0
531,MS,South,East South Central,Total,Hispanic or Latino,65092,1.4289816409272005,0.0,0.0
532,MS,South,East South Central,Male,White,1325184,29.092109734690453,0.0,0.0
533,MS,South,East South Central,Female,Black or African American,898628,19.72781469340515,0.0,0.0
534,MS,South,East South Central,Male,Hispanic or Latino,37745,0.8286258224789095,0.0,0.0
535,MS,South,East South Central,Male,Black or African American,755261,16.580441576665613,0.0,0.0
536,MS,South,East South Central,Male,Asian American or Pacific Islander,25070,0.5503682439938073,0.0,0.0
537,MS,South,East South Central,Male,American Indian or Alaska Native,11530,0.2531210950637655,0.0,0.0
538,MS,South,East South Central,Female,White,1395446,30.634589733074698,0.0,0.0
539,MS,South,East South Central,Female,Multiracial,19551,0.42920819857690184,0.0,0.0
540,MS,South,East South Central,Female,Hispanic or Latino,27347,0.6003558184482908,0.0,0.0
541,MS,South,East South Central,Female,Asian American or Pacific Islander,28834,0.6330003170050835,0.0,0.0
542,MS,South,East South Central,Female,American Indian or Alaska Native,12246,0.2688396296748371,0.0,0.0
543,MS,South,East South Central,Total,Multiracial,37841,0.8307333354993883,0.0,0.0
544,MS,South,East South Central,Male,Multiracial,18290,0.40152513692248654,0.0,0.0
545,MS,South,East South Central,Total,White,2720630,59.72669946776515,0.0,0.0
546,MT,West,Mountain,Male,Asian American or Pacific Islander,7023,0.417941179971197,0.0,0.0
547,MT,West,Mountain,Male,Total,841552,50.08105309513324,0.0,0.0
548,MT,West,Mountain,Total,White,1503252,89.45905092895654,0.0,0.0
549,MT,West,Mountain,Total,Multiracial,34250,2.0382294481010246,0.0,0.0
550,MT,West,Mountain,Total,Black or African American,8942,0.532141539413704,0.0,0.0
551,MT,West,Mountain,Total,Asian American or Pacific Islander,17351,1.0325640628905366,0.0,0.0
552,MT,West,Mountain,Total,American Indian or Alaska Native,88552,5.269760411335532,0.0,0.0
553,MT,West,Mountain,Male,White,754330,44.89044144776777,0.0,0.0
554,MT,West,Mountain,Male,Multiracial,17061,1.0153060617241338,0.0,0.0
555,MT,West,Mountain,Male,Hispanic or Latino,14365,0.8548661612254369,0.0,0.0
556,MT,West,Mountain,Total,Hispanic or Latino,28033,1.6682536093026574,0.0,0.0
557,MT,West,Mountain,Male,American Indian or Alaska Native,43121,2.5661457527464027,0.0,0.0
558,MT,West,Mountain,Male,Black or African American,5652,0.3363524916983064,0.0,0.0
559,MT,West,Mountain,Total,Total,1680380,100.0,0.0,0.0
560,MT,West,Mountain,Female,American Indian or Alaska Native,45431,2.7036146585891285,0.0,0.0
561,MT,West,Mountain,Female,Asian American or Pacific Islander,10328,0.6146228829193396,0.0,0.0
562,MT,West,Mountain,Female,Total,838828,49.918946904866765,0.0,0.0
563,MT,West,Mountain,Female,Hispanic or Latino,13668,0.8133874480772206,0.0,0.0
564,MT,West,Mountain,Female,Multiracial,17189,1.022923386376891,0.0,0.0
565,MT,West,Mountain,Female,White,748922,44.56860948118878,0.0,0.0
566,MT,West,Mountain,Female,Black or African American,3290,0.19578904771539762,0.0,0.0
567,NC,South,South Atlantic,Total,American Indian or Alaska Native,208580,1.2737913730283807,0.0,0.0
568,NC,South,South Atlantic,Male,White,5473390,33.425817255824185,15.0,27.77777777777778
569,NC,South,South Atlantic,Male,Multiracial,109442,0.6683587853436189,2.0,3.7037037037037033
570,NC,South,South Atlantic,Male,Hispanic or Latino,331826,2.026450743822588,0.0,0.0
571,NC,South,South Atlantic,Male,Black or African American,1593510,9.73151448285768,11.0,20.37037037037037
572,NC,South,South Atlantic,Male,Asian American or Pacific Islander,246151,1.5032362655207063,0.0,0.0
573,NC,South,South Atlantic,Female,White,5812808,35.49863210025101,9.0,16.666666666666664
574,NC,South,South Atlantic,Female,Multiracial,124772,0.7619786038714024,0.0,0.0
575,NC,South,South Atlantic,Female,Hispanic or Latino,305136,1.8634557694907854,1.0,1.8518518518518516
576,NC,South,South Atlantic,Female,Asian American or Pacific Islander,268068,1.6370826818725284,1.0,1.8518518518518516
577,NC,South,South Atlantic,Female,American Indian or Alaska Native,108011,0.659619714220771,0.0,0.0
578,NC,South,South Atlantic,Male,American Indian or Alaska Native,100569,0.6141716588076096,0.0,0.0
579,NC,South,South Atlantic,Female,Black or African American,1901055,11.609681938117115,15.0,27.77777777777778
580,NC,South,South Atlantic,Total,Asian American or Pacific Islander,514219,3.140318947393235,1.0,1.8518518518518516
581,NC,South,South Atlantic,Total,Hispanic or Latino,636962,3.889906513313373,1.0,1.8518518518518516
582,NC,South,South Atlantic,Total,Multiracial,234214,1.4303373892150213,2.0,3.7037037037037033
583,NC,South,South Atlantic,Total,White,11286198,68.92444935607519,24.0,44.44444444444444
584,NC,South,South Atlantic,Female,Total,8519850,52.03045080782361,26.0,48.14814814814815
585,NC,South,South Atlantic,Male,Total,7854888,47.969549192176395,28.0,51.85185185185185
586,NC,South,South Atlantic,Total,Total,16374738,100.0,54.0,100.0
587,NC,South,South Atlantic,Total,Black or African American,3494565,21.3411964209748,26.0,48.14814814814815
588,ND,Midwest,West North Central,Female,Total,567826,48.791440321297294,0.0,0.0
589,ND,Midwest,West North Central,Male,Total,595956,51.20855967870271,0.0,0.0
590,ND,Midwest,West North Central,Total,Total,1163782,100.0,0.0,0.0
591,ND,Midwest,West North Central,Total,White,1020190,87.66160672703307,0.0,0.0
592,ND,Midwest,West North Central,Total,Multiracial,17028,1.463160626302864,0.0,0.0
593,ND,Midwest,West North Central,Total,Hispanic or Latino,19366,1.66405735782131,0.0,0.0
594,ND,Midwest,West North Central,Total,Black or African American,34809,2.991024092140968,0.0,0.0
595,ND,Midwest,West North Central,Total,Asian American or Pacific Islander,20573,1.767770939918301,0.0,0.0
596,ND,Midwest,West North Central,Male,White,520177,44.69711681397375,0.0,0.0
597,ND,Midwest,West North Central,Male,Multiracial,8833,0.7589909450395348,0.0,0.0
598,ND,Midwest,West North Central,Male,Hispanic or Latino,10809,0.9287821946034568,0.0,0.0
599,ND,Midwest,West North Central,Male,Black or African American,20874,1.7936348903832504,0.0,0.0
600,ND,Midwest,West North Central,Male,Asian American or Pacific Islander,10202,0.8766246599449037,0.0,0.0
601,ND,Midwest,West North Central,Male,American Indian or Alaska Native,25061,2.153410174757816,0.0,0.0
602,ND,Midwest,West North Central,Female,White,500013,42.964489913059325,0.0,0.0
603,ND,Midwest,West North Central,Female,Multiracial,8195,0.7041696812633294,0.0,0.0
604,ND,Midwest,West North Central,Female,Hispanic or Latino,8557,0.7352751632178535,0.0,0.0
605,ND,Midwest,West North Central,Female,Black or African American,13935,1.1973892017577177,0.0,0.0
606,ND,Midwest,West North Central,Female,Asian American or Pacific Islander,10371,0.891146279973397,0.0,0.0
607,ND,Midwest,West North Central,Total,American Indian or Alaska Native,51816,4.452380256783487,0.0,0.0
608,ND,Midwest,West North Central,Female,American Indian or Alaska Native,26755,2.2989700820256713,0.0,0.0
609,NE,Midwest,West North Central,Total,Total,2916668,100.0,16.0,100.0
610,NE,Midwest,West North Central,Male,Total,1444756,49.53446878424284,10.0,62.5
611,NE,Midwest,West North Central,Female,Total,1471912,50.46553121575715,6.0,37.5
612,NE,Midwest,West North Central,Total,Asian American or Pacific Islander,80520,2.760684452258536,0.0,0.0
613,NE,Midwest,West North Central,Total,Hispanic or Latino,133572,4.579609335035731,0.0,0.0
614,NE,Midwest,West North Central,Total,White,2497981,85.64502370513202,13.0,81.25
615,NE,Midwest,West North Central,Total,Multiracial,40251,1.380033654841758,0.0,0.0
616,NE,Midwest,West North Central,Total,Black or African American,136116,4.666832152305302,3.0,18.75
617,NE,Midwest,West North Central,Total,American Indian or Alaska Native,28228,0.9678167004266512,0.0,0.0
618,NE,Midwest,West North Central,Male,Multiracial,19548,0.6702168364723035,0.0,0.0
619,NE,Midwest,West North Central,Male,Hispanic or Latino,70549,2.418821751395771,0.0,0.0
620,NE,Midwest,West North Central,Male,Black or African American,70788,2.427016033364099,2.0,12.5
621,NE,Midwest,West North Central,Male,Asian American or Pacific Islander,39315,1.34794224094069,0.0,0.0
622,NE,Midwest,West North Central,Male,American Indian or Alaska Native,13868,0.4754740683547116,0.0,0.0
623,NE,Midwest,West North Central,Female,White,1267293,43.450025851416754,5.0,31.25
624,NE,Midwest,West North Central,Male,White,1230688,42.19499785371527,8.0,50.0
625,NE,Midwest,West North Central,Female,Hispanic or Latino,63023,2.1607875836399617,0.0,0.0
626,NE,Midwest,West North Central,Female,Black or African American,65328,2.239816118941203,1.0,6.25
627,NE,Midwest,West North Central,Female,Asian American or Pacific Islander,41205,1.4127422113178463,0.0,0.0
628,NE,Midwest,West North Central,Female,American Indian or Alaska Native,14360,0.4923426320719396,0.0,0.0
629,NE,Midwest,West North Central,Female,Multiracial,20703,0.7098168183694545,0.0,0.0
630,NH,Northeast,New England,Male,White,1001097,45.32073650605093,0.0,0.0
631,NH,Northeast,New England,Male,Multiracial,13285,0.6014262199196349,0.0,0.0
632,NH,Northeast,New England,Male,Hispanic or Latino,19524,0.8838724514648814,0.0,0.0
633,NH,Northeast,New England,Male,Black or African American,18855,0.8535861028667454,0.0,0.0
634,NH,Northeast,New England,Male,Asian American or Pacific Islander,30636,1.386924627283247,0.0,0.0
635,NH,Northeast,New England,Male,American Indian or Alaska Native,3043,0.1377598786010876,0.0,0.0
636,NH,Northeast,New England,Female,White,1041058,47.129813899668434,0.0,0.0
637,NH,Northeast,New England,Female,Multiracial,13263,0.6004302562886049,0.0,0.0
638,NH,Northeast,New England,Female,Hispanic or Latino,18095,0.8191800865220769,0.0,0.0
639,NH,Northeast,New England,Female,American Indian or Alaska Native,2731,0.12363530347011836,0.0,0.0
640,NH,Northeast,New England,Female,Asian American or Pacific Islander,33301,1.5075720398602752,0.0,0.0
641,NH,Northeast,New England,Total,White,2042155,92.45055040571935,0.0,0.0
642,NH,Northeast,New England,Total,Multiracial,26548,1.2018564762082395,0.0,0.0
643,NH,Northeast,New England,Total,Black or African American,32883,1.4886487308707075,0.0,0.0
644,NH,Northeast,New England,Total,Hispanic or Latino,37619,1.703052537986958,0.0,0.0
645,NH,Northeast,New England,Total,Total,2208916,100.0,0.0,0.0
646,NH,Northeast,New England,Total,American Indian or Alaska Native,5774,0.261395182071206,0.0,0.0
647,NH,Northeast,New England,Male,Total,1086440,49.18430578618653,0.0,0.0
648,NH,Northeast,New England,Female,Total,1122476,50.815694213813465,0.0,0.0
649,NH,Northeast,New England,Female,Black or African American,14028,0.6350626280039622,0.0,0.0
650,NH,Northeast,New England,Total,Asian American or Pacific Islander,63937,2.894496667143522,0.0,0.0
651,NJ,Northeast,Middle Atlantic,Female,Hispanic or Latino,662700,4.772012030626136,0.0,0.0
652,NJ,Northeast,Middle Atlantic,Female,Total,7185222,51.73980055337193,5.0,26.31578947368421
653,NJ,Northeast,Middle Atlantic,Male,Total,6702002,48.26019944662807,14.0,73.68421052631578
654,NJ,Northeast,Middle Atlantic,Total,Total,13887224,100.0,19.0,100.0
655,NJ,Northeast,Middle Atlantic,Female,Asian American or Pacific Islander,722066,5.199498474281109,0.0,0.0
656,NJ,Northeast,Middle Atlantic,Female,Black or African American,1022067,7.359764629705692,4.0,21.052631578947366
657,NJ,Northeast,Middle Atlantic,Female,American Indian or Alaska Native,25528,0.1838236353068115,0.0,0.0
658,NJ,Northeast,Middle Atlantic,Female,Multiracial,100062,0.7205327717044099,0.0,0.0
659,NJ,Northeast,Middle Atlantic,Total,White,9026401,64.99787862570662,5.0,26.31578947368421
660,NJ,Northeast,Middle Atlantic,Total,Multiracial,191816,1.3812407720938324,0.0,0.0
661,NJ,Northeast,Middle Atlantic,Total,Hispanic or Latino,1318477,9.494172485444176,4.0,21.052631578947366
662,NJ,Northeast,Middle Atlantic,Total,Black or African American,1907272,13.73400472261411,9.0,47.36842105263158
663,NJ,Northeast,Middle Atlantic,Total,American Indian or Alaska Native,52168,0.3756546304718639,0.0,0.0
664,NJ,Northeast,Middle Atlantic,Male,White,4373602,31.493709613958842,4.0,21.052631578947366
665,NJ,Northeast,Middle Atlantic,Male,Multiracial,91754,0.6607080003894226,0.0,0.0
666,NJ,Northeast,Middle Atlantic,Total,Asian American or Pacific Islander,1391090,10.0170487636694,1.0,5.263157894736842
667,NJ,Northeast,Middle Atlantic,Male,Black or African American,885205,6.374240092908417,5.0,26.31578947368421
668,NJ,Northeast,Middle Atlantic,Male,Asian American or Pacific Islander,669024,4.817550289388288,1.0,5.263157894736842
669,NJ,Northeast,Middle Atlantic,Male,American Indian or Alaska Native,26640,0.19183099516505236,0.0,0.0
670,NJ,Northeast,Middle Atlantic,Female,White,4652799,33.50416901174777,1.0,5.263157894736842
671,NJ,Northeast,Middle Atlantic,Male,Hispanic or Latino,655777,4.72216045481804,4.0,21.052631578947366
672,NM,West,Mountain,Male,Asian American or Pacific Islander,27152,0.8375123612654235,0.0,0.0
673,NM,West,Mountain,Female,White,1023127,31.55868848130557,3.0,30.0
674,NM,West,Mountain,Female,Multiracial,26831,0.8276110107952481,0.0,0.0
675,NM,West,Mountain,Female,Hispanic or Latino,379258,11.698337621862184,2.0,20.0
676,NM,West,Mountain,Female,Black or African American,30855,0.9517326129509665,0.0,0.0
677,NM,West,Mountain,Female,American Indian or Alaska Native,157123,4.846510560515141,0.0,0.0
678,NM,West,Mountain,Total,Total,3241982,100.0,10.0,100.0
679,NM,West,Mountain,Male,Total,1590446,49.05782943890497,5.0,50.0
680,NM,West,Mountain,Female,Total,1651536,50.94217056109503,5.0,50.0
681,NM,West,Mountain,Male,Black or African American,41402,1.2770582933526469,0.0,0.0
682,NM,West,Mountain,Female,Asian American or Pacific Islander,34342,1.0592902736659242,0.0,0.0
683,NM,West,Mountain,Male,Hispanic or Latino,366368,11.300741336626793,1.0,10.0
684,NM,West,Mountain,Male,American Indian or Alaska Native,141436,4.362639891276386,0.0,0.0
685,NM,West,Mountain,Male,White,987845,30.470403598786174,4.0,40.0
686,NM,West,Mountain,Total,White,2010972,62.02909208009174,7.0,70.0
687,NM,West,Mountain,Total,Multiracial,53074,1.6370849683927917,0.0,0.0
688,NM,West,Mountain,Total,Hispanic or Latino,745626,22.99907895848897,3.0,30.0
689,NM,West,Mountain,Male,Multiracial,26243,0.8094739575975438,0.0,0.0
690,NM,West,Mountain,Total,Asian American or Pacific Islander,61494,1.896802634931348,0.0,0.0
691,NM,West,Mountain,Total,American Indian or Alaska Native,298559,9.209150451791528,0.0,0.0
692,NM,West,Mountain,Total,Black or African American,72257,2.228790906303613,0.0,0.0
693,NV,West,Mountain,Total,Total,4775034,100.0,25.0,100.0
694,NV,West,Mountain,Male,Multiracial,68047,1.4250579158179817,0.0,0.0
695,NV,West,Mountain,Female,Total,2393472,50.124711153889166,13.0,52.0
696,NV,West,Mountain,Total,Black or African American,446764,9.356247515724496,2.0,8.0
697,NV,West,Mountain,Total,Hispanic or Latino,615517,12.890316592510127,6.0,24.0
698,NV,West,Mountain,Total,Multiracial,141751,2.9685861922658563,0.0,0.0
699,NV,West,Mountain,Total,White,3037023,63.602123042474666,17.0,68.0
700,NV,West,Mountain,Male,White,1544955,32.35484815396079,9.0,36.0
701,NV,West,Mountain,Male,Total,2381562,49.875288846110834,12.0,48.0
702,NV,West,Mountain,Male,Black or African American,218502,4.575925532676835,0.0,0.0
703,NV,West,Mountain,Male,Asian American or Pacific Islander,209839,4.3945027407134685,0.0,0.0
704,NV,West,Mountain,Male,American Indian or Alaska Native,29069,0.6087705344087603,0.0,0.0
705,NV,West,Mountain,Female,White,1492068,31.247274888513882,8.0,32.0
706,NV,West,Mountain,Female,Multiracial,73704,1.5435282764478748,0.0,0.0
707,NV,West,Mountain,Female,Hispanic or Latino,304367,6.374132623977127,3.0,12.0
708,NV,West,Mountain,Female,Black or African American,228262,4.78032198304766,2.0,8.0
709,NV,West,Mountain,Female,Asian American or Pacific Islander,265090,5.551583507049374,0.0,0.0
710,NV,West,Mountain,Female,American Indian or Alaska Native,29981,0.6278698748532472,0.0,0.0
711,NV,West,Mountain,Total,American Indian or Alaska Native,59050,1.2366404092620074,0.0,0.0
712,NV,West,Mountain,Male,Hispanic or Latino,311150,6.5161839685329985,3.0,12.0
713,NV,West,Mountain,Total,Asian American or Pacific Islander,474929,9.946086247762844,0.0,0.0
714,NY,Northeast,Middle Atlantic,Female,American Indian or Alaska Native,96352,0.31231884424394213,0.0,0.0
715,NY,Northeast,Middle Atlantic,Female,Total,16074836,52.10555256695154,18.0,23.68421052631579
716,NY,Northeast,Middle Atlantic,Male,Total,14775688,47.89444743304847,58.0,76.31578947368422
717,NY,Northeast,Middle Atlantic,Total,Total,30850524,100.0,76.0,100.0
718,NY,Northeast,Middle Atlantic,Female,Asian American or Pacific Islander,1510651,4.896678578295785,1.0,1.3157894736842104
719,NY,Northeast,Middle Atlantic,Total,Asian American or Pacific Islander,2837740,9.198352676278693,2.0,2.631578947368421
720,NY,Northeast,Middle Atlantic,Female,Black or African American,2643717,8.569439533668861,11.0,14.473684210526317
721,NY,Northeast,Middle Atlantic,Female,Hispanic or Latino,1409022,4.56725467612803,3.0,3.947368421052632
722,NY,Northeast,Middle Atlantic,Female,White,10143714,32.88020002512761,3.0,3.947368421052632
723,NY,Northeast,Middle Atlantic,Male,American Indian or Alaska Native,94681,0.3069024046398693,0.0,0.0
724,NY,Northeast,Middle Atlantic,Male,Asian American or Pacific Islander,1327089,4.3016740979829065,1.0,1.3157894736842104
725,NY,Northeast,Middle Atlantic,Male,Black or African American,2217837,7.188976757736756,15.0,19.73684210526316
726,NY,Northeast,Middle Atlantic,Male,Hispanic or Latino,1335176,4.327887591147561,8.0,10.526315789473683
727,NY,Northeast,Middle Atlantic,Female,Multiracial,271380,0.8796609094873074,0.0,0.0
728,NY,Northeast,Middle Atlantic,Male,White,9561822,30.994034331475213,33.0,43.42105263157895
729,NY,Northeast,Middle Atlantic,Male,Multiracial,239083,0.7749722500661577,1.0,1.3157894736842104
730,NY,Northeast,Middle Atlantic,Total,Multiracial,510463,1.6546331595534651,1.0,1.3157894736842104
731,NY,Northeast,Middle Atlantic,Total,Hispanic or Latino,2744198,8.89514226727559,11.0,14.473684210526317
732,NY,Northeast,Middle Atlantic,Total,White,19705536,63.87423435660282,36.0,47.36842105263158
733,NY,Northeast,Middle Atlantic,Total,Black or African American,4861554,15.758416291405613,26.0,34.21052631578947
734,NY,Northeast,Middle Atlantic,Total,American Indian or Alaska Native,191033,0.6192212488838115,0.0,0.0
735,OH,Midwest,East North Central,Female,Asian American or Pacific Islander,237911,1.3056134612347317,0.0,0.0
736,OH,Midwest,East North Central,Female,Black or African American,1172946,6.436920053723592,7.0,13.461538461538462
737,OH,Midwest,East North Central,Female,Multiracial,139505,0.7655787496565996,0.0,0.0
738,OH,Midwest,East North Central,Female,White,7676005,42.12455689945024,5.0,9.615384615384617
739,OH,Midwest,East North Central,Male,American Indian or Alaska Native,22632,0.1242004104672102,0.0,0.0
740,OH,Midwest,East North Central,Male,Asian American or Pacific Islander,220225,1.2085558233979041,0.0,0.0
741,OH,Midwest,East North Central,Male,Black or African American,1037322,5.692639545186791,14.0,26.923076923076923
742,OH,Midwest,East North Central,Male,Hispanic or Latino,155828,0.8551564847244799,0.0,0.0
743,OH,Midwest,East North Central,Male,Multiracial,130113,0.7140371159031512,2.0,3.8461538461538463
744,OH,Midwest,East North Central,Male,White,7260100,39.84214386854864,23.0,44.230769230769226
745,OH,Midwest,East North Central,Female,Hispanic or Latino,147466,0.8092673086761055,1.0,1.9230769230769231
746,OH,Midwest,East North Central,Total,American Indian or Alaska Native,44741,0.2455306894977665,0.0,0.0
747,OH,Midwest,East North Central,Total,Black or African American,2210268,12.129559598910381,21.0,40.38461538461539
748,OH,Midwest,East North Central,Female,Total,9395942,51.56326675177183,13.0,25.0
749,OH,Midwest,East North Central,Male,Total,8826220,48.43673324822818,39.0,75.0
750,OH,Midwest,East North Central,Total,Total,18222162,100.0,52.0,100.0
751,OH,Midwest,East North Central,Total,Asian American or Pacific Islander,458136,2.514169284632636,0.0,0.0
752,OH,Midwest,East North Central,Female,American Indian or Alaska Native,22109,0.1213302790305563,0.0,0.0
753,OH,Midwest,East North Central,Total,Hispanic or Latino,303294,1.6644237934005854,1.0,1.9230769230769231
754,OH,Midwest,East North Central,Total,Multiracial,269618,1.4796158655597509,2.0,3.8461538461538463
755,OH,Midwest,East North Central,Total,White,14936105,81.96670076799887,28.0,53.84615384615385
756,OK,South,West South Central,Female,Black or African American,223494,3.7190326062249124,2.0,10.0
757,OK,South,West South Central,Total,White,4363298,72.60708355784024,16.0,80.0
758,OK,South,West South Central,Total,Multiracial,276671,4.603919882398869,1.0,5.0
759,OK,South,West South Central,Total,Hispanic or Latino,269975,4.492495672660433,0.0,0.0
760,OK,South,West South Central,Total,Black or African American,446007,7.421740966668253,3.0,15.0
761,OK,South,West South Central,Total,Asian American or Pacific Islander,156216,2.599498857302795,0.0,0.0
762,OK,South,West South Central,Total,American Indian or Alaska Native,497299,8.275261063129404,0.0,0.0
763,OK,South,West South Central,Male,White,2134217,35.51425367911226,9.0,45.0
764,OK,South,West South Central,Male,Multiracial,132132,2.1987311351790653,1.0,5.0
765,OK,South,West South Central,Female,American Indian or Alaska Native,255704,4.2550203295933455,0.0,0.0
766,OK,South,West South Central,Male,Asian American or Pacific Islander,73693,1.2262820024275036,0.0,0.0
767,OK,South,West South Central,Male,American Indian or Alaska Native,241595,4.020240733536058,0.0,0.0
768,OK,South,West South Central,Female,White,2229081,37.092829878728004,7.0,35.0
769,OK,South,West South Central,Female,Multiracial,144539,2.405188747219803,0.0,0.0
770,OK,South,West South Central,Female,Hispanic or Latino,127075,2.1145805633978125,0.0,0.0
771,OK,South,West South Central,Female,Asian American or Pacific Islander,82523,1.3732168548752919,0.0,0.0
772,OK,South,West South Central,Male,Black or African American,222513,3.7027083604433417,1.0,5.0
773,OK,South,West South Central,Male,Hispanic or Latino,142900,2.37791510926262,0.0,0.0
774,OK,South,West South Central,Female,Total,3062416,50.95986898003916,9.0,45.0
775,OK,South,West South Central,Male,Total,2947050,49.04013101996084,11.0,55.00000000000001
776,OK,South,West South Central,Total,Total,6009466,100.0,20.0,100.0
777,OR,West,Pacific,Male,Multiracial,92123,1.3744880526979344,0.0,0.0
778,OR,West,Pacific,Female,White,2833565,42.27718636000806,3.0,60.0
779,OR,West,Pacific,Female,Multiracial,97266,1.4512223324654785,0.0,0.0
780,OR,West,Pacific,Female,Hispanic or Latino,179141,2.6728087909464593,0.0,0.0
781,OR,West,Pacific,Female,Black or African American,58892,0.8786768819891531,1.0,20.0
782,OR,West,Pacific,Female,Asian American or Pacific Islander,193520,2.887345483300633,0.0,0.0
783,OR,West,Pacific,Female,American Indian or Alaska Native,46144,0.6884749378949175,0.0,0.0
784,OR,West,Pacific,Female,Total,3408528,50.8557147866047,4.0,80.0
785,OR,West,Pacific,Male,Total,3293822,49.1442852133953,1.0,20.0
786,OR,West,Pacific,Total,Total,6702350,100.0,5.0,100.0
787,OR,West,Pacific,Male,Black or African American,72702,1.084724014711258,0.0,0.0
788,OR,West,Pacific,Male,American Indian or Alaska Native,46763,0.6977105045245324,0.0,0.0
789,OR,West,Pacific,Male,Hispanic or Latino,194224,2.8978492618260763,0.0,0.0
790,OR,West,Pacific,Male,Asian American or Pacific Islander,164649,2.4565861227778316,0.0,0.0
791,OR,West,Pacific,Male,White,2723361,40.63292725685767,1.0,20.0
792,OR,West,Pacific,Total,American Indian or Alaska Native,92907,1.38618544241945,0.0,0.0
793,OR,West,Pacific,Total,Asian American or Pacific Islander,358169,5.343931606078465,0.0,0.0
794,OR,West,Pacific,Total,Black or African American,131594,1.963400896700411,1.0,20.0
795,OR,West,Pacific,Total,Hispanic or Latino,373365,5.570658052772535,0.0,0.0
796,OR,West,Pacific,Total,Multiracial,189389,2.825710385163413,0.0,0.0
797,OR,West,Pacific,Total,White,5556926,82.91011361686571,4.0,80.0
798,PA,Northeast,Middle Atlantic,Male,Black or African American,1036382,5.096605063095925,8.0,22.22222222222222
799,PA,Northeast,Middle Atlantic,Total,White,16420435,80.75060369558477,18.0,50.0
800,PA,Northeast,Middle Atlantic,Female,American Indian or Alaska Native,25294,0.12438804269656199,0.0,0.0
801,PA,Northeast,Middle Atlantic,Female,Asian American or Pacific Islander,395883,1.9468297425018999,1.0,2.7777777777777777
802,PA,Northeast,Middle Atlantic,Female,Black or African American,1152776,5.6689946353906855,7.0,19.444444444444446
803,PA,Northeast,Middle Atlantic,Female,Hispanic or Latino,328156,1.6137693737302525,1.0,2.7777777777777777
804,PA,Northeast,Middle Atlantic,Female,Multiracial,133635,0.6571754600203632,0.0,0.0
805,PA,Northeast,Middle Atlantic,Female,Total,10482656,51.55044920144588,14.0,38.88888888888889
806,PA,Northeast,Middle Atlantic,Female,White,8446912,41.53929194710612,5.0,13.88888888888889
807,PA,Northeast,Middle Atlantic,Male,Total,9852096,48.44955079855412,22.0,61.111111111111114
808,PA,Northeast,Middle Atlantic,Total,Total,20334752,100.0,36.0,100.0
809,PA,Northeast,Middle Atlantic,Total,Black or African American,2189158,10.765599698486612,15.0,41.66666666666667
810,PA,Northeast,Middle Atlantic,Total,Asian American or Pacific Islander,755260,3.7141343056458234,2.0,5.555555555555555
811,PA,Northeast,Middle Atlantic,Male,American Indian or Alaska Native,25400,0.12490931780235134,0.0,0.0
812,PA,Northeast,Middle Atlantic,Male,White,7973523,39.211311748478664,13.0,36.11111111111111
813,PA,Northeast,Middle Atlantic,Male,Multiracial,121813,0.59903853265582,0.0,0.0
814,PA,Northeast,Middle Atlantic,Male,Hispanic or Latino,335601,1.6503815733774378,0.0,0.0
815,PA,Northeast,Middle Atlantic,Male,Asian American or Pacific Islander,359377,1.7673045631439221,1.0,2.7777777777777777
816,PA,Northeast,Middle Atlantic,Total,American Indian or Alaska Native,50694,0.24929736049891338,0.0,0.0
817,PA,Northeast,Middle Atlantic,Total,Hispanic or Latino,663757,3.2641509471076904,1.0,2.7777777777777777
818,PA,Northeast,Middle Atlantic,Total,Multiracial,255448,1.256213992676183,0.0,0.0
819,RI,Northeast,New England,Total,Hispanic or Latino,118415,6.925939270014247,0.0,0.0
820,RI,Northeast,New England,Total,Total,1709732,100.0,0.0,0.0
821,RI,Northeast,New England,Male,Total,822084,48.08262347549207,0.0,0.0
822,RI,Northeast,New England,Female,Total,887648,51.91737652450793,0.0,0.0
823,RI,Northeast,New England,Total,Asian American or Pacific Islander,63855,3.7347958627434017,0.0,0.0
824,RI,Northeast,New England,Total,American Indian or Alaska Native,10963,0.6412116050936638,0.0,0.0
825,RI,Northeast,New England,Male,White,655162,38.319572892125784,0.0,0.0
826,RI,Northeast,New England,Male,Multiracial,14651,0.8569179263182769,0.0,0.0
827,RI,Northeast,New England,Total,Multiracial,30614,1.790573025480017,0.0,0.0
828,RI,Northeast,New England,Male,Hispanic or Latino,59045,3.4534652214499113,0.0,0.0
829,RI,Northeast,New England,Male,Asian American or Pacific Islander,30136,1.7626154274471086,0.0,0.0
830,RI,Northeast,New England,Male,American Indian or Alaska Native,5349,0.3128560499540279,0.0,0.0
831,RI,Northeast,New England,Female,White,714637,41.79818825406555,0.0,0.0
832,RI,Northeast,New England,Female,Multiracial,15963,0.93365509916174,0.0,0.0
833,RI,Northeast,New England,Female,Hispanic or Latino,59370,3.472474048564336,0.0,0.0
834,RI,Northeast,New England,Female,Black or African American,58345,3.412523132280381,0.0,0.0
835,RI,Northeast,New England,Female,Asian American or Pacific Islander,33719,1.9721804352962917,0.0,0.0
836,RI,Northeast,New England,Female,American Indian or Alaska Native,5614,0.32835555513963594,0.0,0.0
837,RI,Northeast,New England,Male,Black or African American,57741,3.3771959581969573,0.0,0.0
838,RI,Northeast,New England,Total,Black or African American,116086,6.7897190904773375,0.0,0.0
839,RI,Northeast,New England,Total,White,1369799,80.11776114619134,0.0,0.0
840,SC,South,South Atlantic,Total,Black or African American,2085807,25.83022891960458,0.0,0.0
841,SC,South,South Atlantic,Female,American Indian or Alaska Native,17940,0.22216547687188035,0.0,0.0
842,SC,South,South Atlantic,Female,Asian American or Pacific Islander,81092,1.0042275836396057,0.0,0.0
843,SC,South,South Atlantic,Female,Black or African American,1138391,14.097613120493687,0.0,0.0
844,SC,South,South Atlantic,Female,Hispanic or Latino,91455,1.1325609636186076,0.0,0.0
845,SC,South,South Atlantic,Female,Multiracial,50522,0.6256546389365184,0.0,0.0
846,SC,South,South Atlantic,Total,Hispanic or Latino,197792,2.449417725832941,0.0,0.0
847,SC,South,South Atlantic,Male,American Indian or Alaska Native,18451,0.2284936016590337,0.0,0.0
848,SC,South,South Atlantic,Male,Asian American or Pacific Islander,70572,0.8739499461428284,0.0,0.0
849,SC,South,South Atlantic,Male,Black or African American,947416,11.732615799110894,0.0,0.0
850,SC,South,South Atlantic,Male,Hispanic or Latino,106337,1.3168567622143335,0.0,0.0
851,SC,South,South Atlantic,Male,Multiracial,45396,0.5621752501714539,0.0,0.0
852,SC,South,South Atlantic,Male,White,2667814,33.037690608443626,0.0,0.0
853,SC,South,South Atlantic,Female,White,2839676,35.16599624869753,0.0,0.0
854,SC,South,South Atlantic,Female,Total,4219076,52.24821803225783,0.0,0.0
855,SC,South,South Atlantic,Total,Multiracial,95918,1.1878298891079722,0.0,0.0
856,SC,South,South Atlantic,Male,Total,3855986,47.75178196774217,0.0,0.0
857,SC,South,South Atlantic,Total,Total,8075062,100.0,0.0,0.0
858,SC,South,South Atlantic,Total,White,5507490,68.20368685714115,0.0,0.0
859,SC,South,South Atlantic,Total,Asian American or Pacific Islander,151664,1.8781775297824341,0.0,0.0
860,SC,South,South Atlantic,Total,American Indian or Alaska Native,36391,0.4506590785309141,0.0,0.0
861,SD,Midwest,West North Central,Total,White,1151383,86.23842422680875,0.0,0.0
862,SD,Midwest,West North Central,Total,Multiracial,20157,1.5097564556188376,0.0,0.0
863,SD,Midwest,West North Central,Total,Hispanic or Latino,21850,1.6365619167173489,0.0,0.0
864,SD,Midwest,West North Central,Total,Black or African American,26689,1.9990023338796032,0.0,0.0
865,SD,Midwest,West North Central,Total,Asian American or Pacific Islander,21288,1.5944681960219187,0.0,0.0
866,SD,Midwest,West North Central,Total,American Indian or Alaska Native,93749,7.021786870953535,0.0,0.0
867,SD,Midwest,West North Central,Male,White,576363,43.16950736864812,0.0,0.0
868,SD,Midwest,West North Central,Male,Multiracial,9842,0.7371644111822494,0.0,0.0
869,SD,Midwest,West North Central,Male,Hispanic or Latino,12325,0.9231407608028066,0.0,0.0
870,SD,Midwest,West North Central,Female,Hispanic or Latino,9525,0.7134211559145421,0.0,0.0
871,SD,Midwest,West North Central,Male,Asian American or Pacific Islander,10076,0.754690978162197,0.0,0.0
872,SD,Midwest,West North Central,Female,White,575020,43.06891685816064,0.0,0.0
873,SD,Midwest,West North Central,Female,Multiracial,10315,0.7725920444365881,0.0,0.0
874,SD,Midwest,West North Central,Total,Total,1335116,100.0,0.0,0.0
875,SD,Midwest,West North Central,Male,Total,670792,50.242226143645944,0.0,0.0
876,SD,Midwest,West North Central,Female,Total,664324,49.75777385635405,0.0,0.0
877,SD,Midwest,West North Central,Female,American Indian or Alaska Native,48169,3.6078513028081454,0.0,0.0
878,SD,Midwest,West North Central,Female,Asian American or Pacific Islander,11212,0.8397772178597216,0.0,0.0
879,SD,Midwest,West North Central,Female,Black or African American,10083,0.7552152771744178,0.0,0.0
880,SD,Midwest,West North Central,Male,Black or African American,16606,1.2437870567051852,0.0,0.0
881,SD,Midwest,West North Central,Male,American Indian or Alaska Native,45580,3.41393556814539,0.0,0.0
882,TN,South,East South Central,Female,Total,5514834,51.83969237034,5.0,35.714285714285715
883,TN,South,East South Central,Total,Total,10638246,100.0,14.0,100.0
884,TN,South,East South Central,Total,Multiracial,134294,1.2623697553149271,0.0,0.0
885,TN,South,East South Central,Total,Hispanic or Latino,237573,2.2331970890690065,0.0,0.0
886,TN,South,East South Central,Total,Black or African American,1724219,16.20773762892868,8.0,57.14285714285714
887,TN,South,East South Central,Total,Asian American or Pacific Islander,212527,1.9977635410950263,0.0,0.0
888,TN,South,East South Central,Total,American Indian or Alaska Native,40217,0.3780416433310529,0.0,0.0
889,TN,South,East South Central,Male,White,4016111,37.75162747693558,6.0,42.857142857142854
890,TN,South,East South Central,Male,Multiracial,64473,0.6060491550956802,0.0,0.0
891,TN,South,East South Central,Male,Hispanic or Latino,126715,1.1911268079343154,0.0,0.0
892,TN,South,East South Central,Total,White,8289416,77.9208903422613,6.0,42.857142857142854
893,TN,South,East South Central,Male,Asian American or Pacific Islander,99715,0.9373255703994813,0.0,0.0
894,TN,South,East South Central,Male,Black or African American,795481,7.477557860572129,3.0,21.428571428571427
895,TN,South,East South Central,Female,American Indian or Alaska Native,19300,0.18142088460823333,0.0,0.0
896,TN,South,East South Central,Female,Asian American or Pacific Islander,112812,1.0604379706955451,0.0,0.0
897,TN,South,East South Central,Female,Black or African American,928738,8.730179768356551,5.0,35.714285714285715
898,TN,South,East South Central,Male,Total,5123412,48.16030762966,9.0,64.28571428571429
899,TN,South,East South Central,Female,Multiracial,69821,0.6563206002192467,0.0,0.0
900,TN,South,East South Central,Female,White,4273305,40.16926286532573,0.0,0.0
901,TN,South,East South Central,Male,American Indian or Alaska Native,20917,0.19662075872281956,0.0,0.0
902,TN,South,East South Central,Female,Hispanic or Latino,110858,1.042070281134691,0.0,0.0
903,TX,South,West South Central,Total,Hispanic or Latino,7865332,18.2100994203992,40.0,30.075187969924812
904,TX,South,West South Central,Total,Black or African American,5396039,12.493103490908137,22.0,16.541353383458645
905,TX,South,West South Central,Total,Asian American or Pacific Islander,2357240,5.457566795367546,2.0,1.5037593984962403
906,TX,South,West South Central,Total,American Indian or Alaska Native,298072,0.690107010668746,0.0,0.0
907,TX,South,West South Central,Male,White,13197676,30.555733957348075,47.0,35.338345864661655
908,TX,South,West South Central,Male,Multiracial,274543,0.6356318239553852,3.0,2.2556390977443606
909,TX,South,West South Central,Male,Hispanic or Latino,3936537,9.114011988569587,26.0,19.548872180451127
910,TX,South,West South Central,Male,Asian American or Pacific Islander,1130831,2.6181405867761782,0.0,0.0
911,TX,South,West South Central,Male,American Indian or Alaska Native,151878,0.35163340590980646,0.0,0.0
912,TX,South,West South Central,Female,White,13512970,31.28571396158125,19.0,14.285714285714285
913,TX,South,West South Central,Female,Hispanic or Latino,3928795,9.096087431829613,14.0,10.526315789473683
914,TX,South,West South Central,Female,Black or African American,2828358,6.548316126576912,11.0,8.270676691729323
915,TX,South,West South Central,Female,Asian American or Pacific Islander,1226409,2.839426208591368,2.0,1.5037593984962403
916,TX,South,West South Central,Female,American Indian or Alaska Native,146194,0.33847360475893973,0.0,0.0
917,TX,South,West South Central,Total,White,26710646,61.841447918929326,66.0,49.62406015037594
918,TX,South,West South Central,Male,Black or African American,2567681,5.944787364331225,11.0,8.270676691729323
919,TX,South,West South Central,Female,Multiracial,290270,0.6720435397716557,0.0,0.0
920,TX,South,West South Central,Total,Multiracial,564813,1.3076753637270409,3.0,2.2556390977443606
921,TX,South,West South Central,Female,Total,21932996,50.78006087310975,46.0,34.58646616541353
922,TX,South,West South Central,Male,Total,21259146,49.21993912689026,87.0,65.41353383458647
923,TX,South,West South Central,Total,Total,43192142,100.0,133.0,100.0
924,UT,West,Mountain,Male,Multiracial,39578,0.8699325735215894,0.0,0.0
925,UT,West,Mountain,Female,Total,2276140,50.03002496072138,0.0,0.0
926,UT,West,Mountain,Male,Total,2273408,49.96997503927863,0.0,0.0
927,UT,West,Mountain,Total,Total,4549548,100.0,0.0,0.0
928,UT,West,Mountain,Male,White,1935997,42.553611919249995,0.0,0.0
929,UT,West,Mountain,Total,White,3885644,85.40725364365866,0.0,0.0
930,UT,West,Mountain,Total,Multiracial,79018,1.7368318786833332,0.0,0.0
931,UT,West,Mountain,Total,Hispanic or Latino,294232,6.467279826479466,0.0,0.0
932,UT,West,Mountain,Total,Black or African American,58357,1.2826988527211935,0.0,0.0
933,UT,West,Mountain,Male,American Indian or Alaska Native,27025,0.594015053803147,0.0,0.0
934,UT,West,Mountain,Female,American Indian or Alaska Native,27611,0.6068954542297389,0.0,0.0
935,UT,West,Mountain,Female,Hispanic or Latino,143110,3.145587209982178,0.0,0.0
936,UT,West,Mountain,Female,White,1949647,42.853641724408654,0.0,0.0
937,UT,West,Mountain,Total,American Indian or Alaska Native,54636,1.200910508032886,0.0,0.0
938,UT,West,Mountain,Male,Asian American or Pacific Islander,84472,1.856711919513763,0.0,0.0
939,UT,West,Mountain,Female,Multiracial,39440,0.8668993051617436,0.0,0.0
940,UT,West,Mountain,Male,Hispanic or Latino,151122,3.321692616497287,0.0,0.0
941,UT,West,Mountain,Female,Black or African American,23143,0.5086878960283527,0.0,0.0
942,UT,West,Mountain,Female,Asian American or Pacific Islander,93189,2.0483133709106927,0.0,0.0
943,UT,West,Mountain,Male,Black or African American,35214,0.7740109566928406,0.0,0.0
944,UT,West,Mountain,Total,Asian American or Pacific Islander,177661,3.9050252904244562,0.0,0.0
945,VA,South,South Atlantic,Total,Hispanic or Latino,565266,4.234410954487495,0.0,0.0
946,VA,South,South Atlantic,Female,Total,6850504,51.31716604458857,25.0,44.642857142857146
947,VA,South,South Atlantic,Male,Total,6498838,48.68283395541144,31.0,55.35714285714286
948,VA,South,South Atlantic,Total,Total,13349342,100.0,56.0,100.0
949,VA,South,South Atlantic,Total,White,8956674,67.09449799098712,39.0,69.64285714285714
950,VA,South,South Atlantic,Total,Multiracial,269429,2.018294235026715,1.0,1.7857142857142856
951,VA,South,South Atlantic,Total,Black or African American,2567642,19.234221432037625,16.0,28.57142857142857
952,VA,South,South Atlantic,Total,American Indian or Alaska Native,55001,0.4120128168114953,0.0,0.0
953,VA,South,South Atlantic,Female,American Indian or Alaska Native,26388,0.19767266431558952,0.0,0.0
954,VA,South,South Atlantic,Female,Asian American or Pacific Islander,500453,3.7488963875522856,0.0,0.0
955,VA,South,South Atlantic,Female,Black or African American,1354628,10.147526372460904,10.0,17.857142857142858
956,VA,South,South Atlantic,Female,Hispanic or Latino,273984,2.05241576700934,0.0,0.0
957,VA,South,South Atlantic,Female,Multiracial,139304,1.0435270892003516,1.0,1.7857142857142856
958,VA,South,South Atlantic,Female,White,4555747,34.127127764050094,14.0,25.0
959,VA,South,South Atlantic,Total,Asian American or Pacific Islander,935330,7.00656257064955,0.0,0.0
960,VA,South,South Atlantic,Male,American Indian or Alaska Native,28613,0.21434015249590577,0.0,0.0
961,VA,South,South Atlantic,Male,Hispanic or Latino,291282,2.1819951874781545,0.0,0.0
962,VA,South,South Atlantic,Male,Multiracial,130125,0.9747671458263637,0.0,0.0
963,VA,South,South Atlantic,Male,White,4400927,32.96737022693703,25.0,44.642857142857146
964,VA,South,South Atlantic,Male,Black or African American,1213014,9.08669505957672,6.0,10.714285714285714
965,VA,South,South Atlantic,Male,Asian American or Pacific Islander,434877,3.2576661830972644,0.0,0.0
966,VT,Northeast,New England,Female,Total,520854,51.06571970885361,0.0,0.0
967,VT,Northeast,New England,Male,Total,499114,48.93428029114639,0.0,0.0
968,VT,Northeast,New England,Total,Total,1019968,100.0,0.0,0.0
969,VT,Northeast,New England,Total,Asian American or Pacific Islander,19317,1.8938829453473052,0.0,0.0
970,VT,Northeast,New England,Male,Black or African American,7338,0.7194343351948297,0.0,0.0
971,VT,Northeast,New England,Female,White,490715,48.11082308464579,0.0,0.0
972,VT,Northeast,New England,Female,Multiracial,7606,0.7457096693229592,0.0,0.0
973,VT,Northeast,New England,Female,Hispanic or Latino,4708,0.46158310848967815,0.0,0.0
974,VT,Northeast,New England,Female,Black or African American,5114,0.5013882788479638,0.0,0.0
975,VT,Northeast,New England,Male,American Indian or Alaska Native,1915,0.18775098826629852,0.0,0.0
976,VT,Northeast,New England,Female,American Indian or Alaska Native,1865,0.18284887369015496,0.0,0.0
977,VT,Northeast,New England,Male,Asian American or Pacific Islander,8471,0.8305162514902428,0.0,0.0
978,VT,Northeast,New England,Female,Asian American or Pacific Islander,10846,1.0633666938570623,0.0,0.0
979,VT,Northeast,New England,Total,White,960138,94.1341296981866,0.0,0.0
980,VT,Northeast,New England,Total,Multiracial,14828,1.4537710987011356,0.0,0.0
981,VT,Northeast,New England,Total,Hispanic or Latino,9453,0.9267937817657024,0.0,0.0
982,VT,Northeast,New England,Total,Black or African American,12452,1.2208226140427936,0.0,0.0
983,VT,Northeast,New England,Total,American Indian or Alaska Native,3780,0.37059986195645356,0.0,0.0
984,VT,Northeast,New England,Male,White,469423,46.02330661354082,0.0,0.0
985,VT,Northeast,New England,Male,Multiracial,7222,0.7080614293781765,0.0,0.0
986,VT,Northeast,New England,Male,Hispanic or Latino,4745,0.46521067327602433,0.0,0.0
987,WA,West,Pacific,Male,Multiracial,193335,1.6241637868810814,0.0,0.0
988,WA,West,Pacific,Male,White,4463832,37.49964716746037,6.0,31.57894736842105
989,WA,West,Pacific,Total,American Indian or Alaska Native,173369,1.4564339181616688,0.0,0.0
990,WA,West,Pacific,Total,Multiracial,394305,3.312467489001706,0.0,0.0
991,WA,West,Pacific,Total,Black or African American,477381,4.010370252386156,1.0,5.263157894736842
992,WA,West,Pacific,Total,Hispanic or Latino,633528,5.322126027750784,4.0,21.052631578947366
993,WA,West,Pacific,Total,White,8970604,75.36002360281675,13.0,68.42105263157895
994,WA,West,Pacific,Total,Asian American or Pacific Islander,1254477,10.53857870988294,1.0,5.263157894736842
995,WA,West,Pacific,Male,Hispanic or Latino,328743,2.7616958946421875,0.0,0.0
996,WA,West,Pacific,Female,White,4506772,37.86037643535637,7.0,36.84210526315789
997,WA,West,Pacific,Male,Asian American or Pacific Islander,586471,4.926810770196472,0.0,0.0
998,WA,West,Pacific,Total,Total,11903664,100.0,19.0,100.0
999,WA,West,Pacific,Male,Total,5922078,49.75004334799773,6.0,31.57894736842105
1000,WA,West,Pacific,Male,Black or African American,263419,2.2129236846738958,0.0,0.0
1001,WA,West,Pacific,Female,American Indian or Alaska Native,87091,0.7316318740179494,0.0,0.0
1002,WA,West,Pacific,Female,Asian American or Pacific Islander,668006,5.6117679396864695,1.0,5.263157894736842
1003,WA,West,Pacific,Female,Total,5981586,50.24995665200227,13.0,68.42105263157895
1004,WA,West,Pacific,Female,Hispanic or Latino,304785,2.560430133108596,4.0,21.052631578947366
1005,WA,West,Pacific,Female,Multiracial,200970,1.6883037021206244,0.0,0.0
1006,WA,West,Pacific,Male,American Indian or Alaska Native,86278,0.7248020441437191,0.0,0.0
1007,WA,West,Pacific,Female,Black or African American,213962,1.7974465677122606,1.0,5.263157894736842
1008,WI,Midwest,East North Central,Female,American Indian or Alaska Native,42757,0.4692551555290499,1.0,2.631578947368421
1009,WI,Midwest,East North Central,Female,Asian American or Pacific Islander,133063,1.460357339386813,0.0,0.0
1010,WI,Midwest,East North Central,Female,Black or African American,274821,3.0161417100743506,5.0,13.157894736842104
1011,WI,Midwest,East North Central,Male,American Indian or Alaska Native,42194,0.4630762689709926,0.0,0.0
1012,WI,Midwest,East North Central,Female,Multiracial,55414,0.6081648663022843,0.0,0.0
1013,WI,Midwest,East North Central,Female,White,3981417,43.695779721706465,7.0,18.421052631578945
1014,WI,Midwest,East North Central,Male,Asian American or Pacific Islander,125321,1.375389418014736,0.0,0.0
1015,WI,Midwest,East North Central,Female,Hispanic or Latino,125078,1.3727225096069062,1.0,2.631578947368421
1016,WI,Midwest,East North Central,Male,Hispanic or Latino,134472,1.4758210181795355,2.0,5.263157894736842
1017,WI,Midwest,East North Central,Total,Total,9111674,100.0,38.0,100.0
1018,WI,Midwest,East North Central,Male,Total,4499124,49.37757869739414,24.0,63.1578947368421
1019,WI,Midwest,East North Central,Female,Total,4612550,50.62242130260587,14.0,36.84210526315789
1020,WI,Midwest,East North Central,Male,Black or African American,257609,2.827241185318965,8.0,21.052631578947366
1021,WI,Midwest,East North Central,Total,White,7868044,86.3512456657251,21.0,55.26315789473685
1022,WI,Midwest,East North Central,Total,Asian American or Pacific Islander,258384,2.835746757401549,0.0,0.0
1023,WI,Midwest,East North Central,Total,Hispanic or Latino,259550,2.848543527786442,3.0,7.894736842105263
1024,WI,Midwest,East North Central,Male,Multiracial,52901,0.5805848628912755,0.0,0.0
1025,WI,Midwest,East North Central,Male,White,3886627,42.65546594401863,14.0,36.84210526315789
1026,WI,Midwest,East North Central,Total,American Indian or Alaska Native,84951,0.9323314245000424,1.0,2.631578947368421
1027,WI,Midwest,East North Central,Total,Black or African American,532430,5.843382895393316,13.0,34.21052631578947
1028,WI,Midwest,East North Central,Total,Multiracial,108315,1.18874972919356,0.0,0.0
1029,WV,South,South Atlantic,Total,Total,2865160,100.0,0.0,0.0
1030,WV,South,South Atlantic,Male,Total,1406578,49.09247651091039,0.0,0.0
1031,WV,South,South Atlantic,Female,Total,1458582,50.90752348908961,0.0,0.0
1032,WV,South,South Atlantic,Total,White,2678508,93.48545979980176,0.0,0.0
1033,WV,South,South Atlantic,Total,Multiracial,33062,1.1539320666210613,0.0,0.0
1034,WV,South,South Atlantic,Total,Hispanic or Latino,21111,0.7368174901227156,0.0,0.0
1035,WV,South,South Atlantic,Total,Black or African American,100744,3.5161736168311717,0.0,0.0
1036,WV,South,South Atlantic,Total,Asian American or Pacific Islander,24697,0.8619762945175836,0.0,0.0
1037,WV,South,South Atlantic,Total,American Indian or Alaska Native,7038,0.24564073210571138,0.0,0.0
1038,WV,South,South Atlantic,Male,Multiracial,16432,0.5735107288947214,0.0,0.0
1039,WV,South,South Atlantic,Male,Black or African American,55526,1.9379720504265032,0.0,0.0
1040,WV,South,South Atlantic,Male,Asian American or Pacific Islander,11420,0.3985815800862779,0.0,0.0
1041,WV,South,South Atlantic,Male,American Indian or Alaska Native,3755,0.13105725334710802,0.0,0.0
1042,WV,South,South Atlantic,Female,White,1370534,47.83446648703738,0.0,0.0
1043,WV,South,South Atlantic,Female,Multiracial,16630,0.58042133772634,0.0,0.0
1044,WV,South,South Atlantic,Female,Hispanic or Latino,9640,0.33645590473132386,0.0,0.0
1045,WV,South,South Atlantic,Female,Black or African American,45218,1.578201566404669,0.0,0.0
1046,WV,South,South Atlantic,Female,Asian American or Pacific Islander,13277,0.46339471443130575,0.0,0.0
1047,WV,South,South Atlantic,Female,American Indian or Alaska Native,3283,0.11458347875860336,0.0,0.0
1048,WV,South,South Atlantic,Male,White,1307974,45.650993312764385,0.0,0.0
1049,WV,South,South Atlantic,Male,Hispanic or Latino,11471,0.4003615853913917,0.0,0.0
1050,WY,West,Mountain,Female,Total,438474,49.26397393404865,0.0,0.0
1051,WY,West,Mountain,Total,Multiracial,13177,1.4804786247963597,0.0,0.0
1052,WY,West,Mountain,Male,Total,451576,50.73602606595136,0.0,0.0
1053,WY,West,Mountain,Total,Hispanic or Latino,38580,4.3345879444975,0.0,0.0
1054,WY,West,Mountain,Total,Black or African American,10542,1.1844278411325206,0.0,0.0
1055,WY,West,Mountain,Total,Asian American or Pacific Islander,11246,1.2635245210943205,0.0,0.0
1056,WY,West,Mountain,Total,American Indian or Alaska Native,18680,2.098758496713668,0.0,0.0
1057,WY,West,Mountain,Male,White,404068,45.39834840739284,0.0,0.0
1058,WY,West,Mountain,Male,Multiracial,6540,0.734790180326948,0.0,0.0
1059,WY,West,Mountain,Male,Hispanic or Latino,20370,2.28863546991742,0.0,0.0
1060,WY,West,Mountain,Total,White,797825,89.63822257176564,0.0,0.0
1061,WY,West,Mountain,Male,Black or African American,6450,0.7246783888545587,0.0,0.0
1062,WY,West,Mountain,Male,American Indian or Alaska Native,9293,1.0440986461434751,0.0,0.0
1063,WY,West,Mountain,Female,White,393757,44.239874164372786,0.0,0.0
1064,WY,West,Mountain,Female,Multiracial,6637,0.7456884444694118,0.0,0.0
1065,WY,West,Mountain,Female,Hispanic or Latino,18210,2.04595247458008,0.0,0.0
1066,WY,West,Mountain,Female,Black or African American,4092,0.4597494522779619,0.0,0.0
1067,WY,West,Mountain,Female,Asian American or Pacific Islander,6391,0.7180495477782148,0.0,0.0
1068,WY,West,Mountain,Female,American Indian or Alaska Native,9387,1.0546598505701927,0.0,0.0
1069,WY,West,Mountain,Male,Asian American or Pacific Islander,4855,0.5454749733161058,0.0,0.0
1070,WY,West,Mountain,Total,Total,890050,100.0,0.0,0.0
